21:22:29 elrsctrl b11-78c2128-dirty.2b0f68
21:22:29 logging to /home/deck/elrsctrl.log
21:22:30 detect: 640x480 dets=0 tracks=0 []
21:22:34 video: open /dev/video0: no such file or directory
21:22:41 detect: 640x480 dets=0 tracks=0 []
21:22:41 detect: 640x480 dets=0 tracks=0 []
21:22:41 detect: 640x480 dets=0 tracks=0 []
21:22:41 detect: 640x480 dets=1 tracks=1 [#1 c=(208,174) miss=0 age=1]
21:22:41 detect: 640x480 dets=0 tracks=1 [#1 c=(208,174) miss=1 age=1]
21:22:41 detect: 640x480 dets=1 tracks=1 [#1 c=(208,174) miss=0 age=2]
21:22:41 detect: 640x480 dets=1 tracks=1 [#1 c=(211,143) miss=0 age=3]
21:22:42 detect: 640x480 dets=1 tracks=1 [#1 c=(206,174) miss=0 age=4]
21:22:42 detect: 640x480 dets=0 tracks=1 [#1 c=(206,174) miss=1 age=4]
21:22:42 detect: 640x480 dets=1 tracks=1 [#1 c=(209,183) miss=0 age=5]
21:22:42 detect: 640x480 dets=1 tracks=1 [#1 c=(205,218) miss=0 age=6]
21:22:42 detect: 640x480 dets=0 tracks=1 [#1 c=(205,218) miss=1 age=6]
21:22:42 detect: 640x480 dets=1 tracks=1 [#1 c=(209,175) miss=0 age=7]
21:22:42 detect: 640x480 dets=1 tracks=1 [#1 c=(208,215) miss=0 age=8]
21:22:42 detect: 640x480 dets=1 tracks=1 [#1 c=(210,172) miss=0 age=9]
21:22:42 detect: 640x480 dets=1 tracks=1 [#1 c=(206,218) miss=0 age=10]
21:22:43 detect: 640x480 dets=1 tracks=1 [#1 c=(208,218) miss=0 age=11]
21:22:43 detect: 640x480 dets=0 tracks=1 [#1 c=(208,218) miss=1 age=11]
21:22:43 detect: 640x480 dets=1 tracks=1 [#1 c=(200,229) miss=0 age=12]
21:22:43 detect: 640x480 dets=0 tracks=1 [#1 c=(200,229) miss=1 age=12]
21:22:43 detect: 640x480 dets=1 tracks=1 [#1 c=(208,176) miss=0 age=13]
21:22:43 detect: 640x480 dets=1 tracks=1 [#1 c=(209,175) miss=0 age=14]
21:22:44 detect: 640x480 dets=1 tracks=1 [#1 c=(210,174) miss=0 age=15]
21:22:44 detect: 640x480 dets=2 tracks=2 [#1 c=(198,226) miss=0 age=16 #2 c=(32,366) miss=0 age=1]
21:22:44 detect: 640x480 dets=1 tracks=2 [#1 c=(198,229) miss=0 age=17 #2 c=(32,366) miss=1 age=1]
21:22:44 detect: 640x480 dets=1 tracks=2 [#1 c=(209,176) miss=0 age=18 #2 c=(32,366) miss=2 age=1]
21:22:44 detect: 640x480 dets=2 tracks=2 [#1 c=(208,193) miss=0 age=19 #2 c=(30,362) miss=0 age=2]
21:22:44 detect: 640x480 dets=0 tracks=2 [#1 c=(208,193) miss=1 age=19 #2 c=(30,362) miss=1 age=2]
21:22:44 detect: 640x480 dets=0 tracks=2 [#1 c=(208,193) miss=2 age=19 #2 c=(30,362) miss=2 age=2]
21:22:44 detect: 640x480 dets=1 tracks=2 [#1 c=(199,229) miss=0 age=20 #2 c=(30,362) miss=3 age=2]
21:22:44 detect: 640x480 dets=0 tracks=2 [#1 c=(199,229) miss=1 age=20 #2 c=(30,362) miss=4 age=2]
21:22:45 detect: 640x480 dets=0 tracks=2 [#1 c=(199,229) miss=2 age=20 #2 c=(30,362) miss=5 age=2]
21:22:45 detect: 640x480 dets=1 tracks=2 [#1 c=(208,218) miss=0 age=21 #2 c=(30,362) miss=6 age=2]
21:22:45 detect: 640x480 dets=1 tracks=2 [#1 c=(209,174) miss=0 age=22 #2 c=(30,362) miss=7 age=2]
21:22:45 detect: 640x480 dets=0 tracks=2 [#1 c=(209,174) miss=1 age=22 #2 c=(30,362) miss=8 age=2]
21:22:45 detect: 640x480 dets=1 tracks=2 [#1 c=(199,227) miss=0 age=23 #2 c=(30,362) miss=9 age=2]
21:22:45 detect: 640x480 dets=0 tracks=2 [#1 c=(199,227) miss=1 age=23 #2 c=(30,362) miss=10 age=2]
21:22:45 detect: 640x480 dets=1 tracks=2 [#1 c=(209,177) miss=0 age=24 #2 c=(30,362) miss=11 age=2]
21:22:46 detect: 640x480 dets=2 tracks=2 [#1 c=(206,207) miss=0 age=25 #2 c=(31,363) miss=0 age=3]
21:22:46 detect: 640x480 dets=0 tracks=2 [#1 c=(206,207) miss=1 age=25 #2 c=(31,363) miss=1 age=3]
21:22:46 detect: 640x480 dets=0 tracks=2 [#1 c=(206,207) miss=2 age=25 #2 c=(31,363) miss=2 age=3]
21:22:46 detect: 640x480 dets=1 tracks=2 [#1 c=(208,176) miss=0 age=26 #2 c=(31,363) miss=3 age=3]
21:22:46 detect: 640x480 dets=1 tracks=2 [#1 c=(210,176) miss=0 age=27 #2 c=(31,363) miss=4 age=3]
21:22:46 detect: 640x480 dets=1 tracks=2 [#1 c=(199,228) miss=0 age=28 #2 c=(31,363) miss=5 age=3]
21:22:46 detect: 640x480 dets=0 tracks=2 [#1 c=(199,228) miss=1 age=28 #2 c=(31,363) miss=6 age=3]
21:22:46 detect: 640x480 dets=1 tracks=2 [#1 c=(199,228) miss=0 age=29 #2 c=(31,363) miss=7 age=3]
21:22:46 detect: 640x480 dets=0 tracks=2 [#1 c=(199,228) miss=1 age=29 #2 c=(31,363) miss=8 age=3]
21:22:46 detect: 640x480 dets=1 tracks=2 [#1 c=(206,218) miss=0 age=30 #2 c=(31,363) miss=9 age=3]
21:22:47 detect: 640x480 dets=0 tracks=2 [#1 c=(206,218) miss=1 age=30 #2 c=(31,363) miss=10 age=3]
21:22:47 detect: 640x480 dets=1 tracks=2 [#1 c=(207,217) miss=0 age=31 #2 c=(31,363) miss=11 age=3]
21:22:47 detect: 640x480 dets=0 tracks=2 [#1 c=(207,217) miss=1 age=31 #2 c=(31,363) miss=12 age=3]
21:22:47 detect: 640x480 dets=1 tracks=2 [#1 c=(210,169) miss=0 age=32 #2 c=(31,363) miss=13 age=3]
21:22:52 saved config.yaml
21:23:22 Hold LB+RB to KILL… 485 ms
21:23:22 Hold LB+RB to KILL… 465 ms
21:23:22 Hold LB+RB to KILL… 452 ms
21:23:22 Hold LB+RB to KILL… 435 ms
21:23:22 Hold LB+RB to KILL… 419 ms
21:23:22 Hold LB+RB to KILL… 402 ms
21:23:22 Hold LB+RB to KILL… 385 ms
21:23:22 Hold LB+RB to KILL… 367 ms
21:23:22 Hold LB+RB to KILL… 347 ms
21:23:22 Hold LB+RB to KILL… 335 ms
21:23:22 Hold LB+RB to KILL… 319 ms
21:23:22 Hold LB+RB to KILL… 297 ms
21:23:22 Hold LB+RB to KILL… 286 ms
21:23:22 Hold LB+RB to KILL… 269 ms
21:23:22 Hold LB+RB to KILL… 252 ms
21:23:22 Hold LB+RB to KILL… 235 ms
21:23:22 Hold LB+RB to KILL… 218 ms
21:23:22 Hold LB+RB to KILL… 202 ms
21:23:22 Hold LB+RB to KILL… 185 ms
21:23:23 Hold LB+RB to KILL… 168 ms
21:23:23 Hold LB+RB to KILL… 152 ms
21:23:23 Hold LB+RB to KILL… 135 ms
21:23:23 Hold LB+RB to KILL… 118 ms
21:23:23 Hold LB+RB to KILL… 93 ms
21:23:23 Hold LB+RB to KILL… 85 ms
21:23:23 Hold LB+RB to KILL… 64 ms
21:23:23 Hold LB+RB to KILL… 52 ms
21:23:23 Hold LB+RB to KILL… 33 ms
21:23:23 Hold LB+RB to KILL… 18 ms
21:23:23 Hold LB+RB to KILL… 2 ms
21:23:23 PANIC KILL — disarmed (LB+RB)
21:23:31 debug logging on — writing to /home/deck/elrsctrl.log
21:23:31 detect: 640x480 dets=0 tracks=1 [#11 c=(154,178) miss=11 age=2]
21:23:31 detect: 640x480 dets=0 tracks=1 [#11 c=(154,178) miss=12 age=2]
21:23:31 detect: 640x480 dets=1 tracks=1 [#11 c=(154,176) miss=0 age=3]
21:23:31 detect: 640x480 dets=0 tracks=1 [#11 c=(154,176) miss=1 age=3]
21:23:31 detect: 640x480 dets=0 tracks=1 [#11 c=(154,176) miss=2 age=3]
21:23:31 detect: 640x480 dets=0 tracks=1 [#11 c=(154,176) miss=3 age=3]
21:23:31 detect: 640x480 dets=0 tracks=1 [#11 c=(154,176) miss=4 age=3]
21:23:31 detect: 640x480 dets=0 tracks=1 [#11 c=(154,176) miss=5 age=3]
21:23:32 detect: 640x480 dets=0 tracks=1 [#11 c=(154,176) miss=6 age=3]
21:23:32 detect: 640x480 dets=0 tracks=1 [#11 c=(154,176) miss=7 age=3]
21:23:32 detect: 640x480 dets=1 tracks=1 [#11 c=(154,177) miss=0 age=4]
21:23:32 detect: 640x480 dets=0 tracks=1 [#11 c=(154,177) miss=1 age=4]
21:23:32 detect: 640x480 dets=1 tracks=1 [#11 c=(155,178) miss=0 age=5]
21:23:32 detect: 640x480 dets=1 tracks=1 [#11 c=(154,176) miss=0 age=6]
21:23:32 detect: 640x480 dets=0 tracks=1 [#11 c=(154,176) miss=1 age=6]
21:23:32 detect: 640x480 dets=0 tracks=1 [#11 c=(154,176) miss=2 age=6]
21:23:32 debug logging on — writing to /home/deck/elrsctrl.log
21:23:32 detect: 640x480 dets=0 tracks=1 [#11 c=(154,176) miss=3 age=6]
21:23:33 detect: 640x480 dets=1 tracks=1 [#11 c=(152,177) miss=0 age=7]
21:23:33 detect: 640x480 dets=0 tracks=1 [#11 c=(152,177) miss=1 age=7]
21:23:33 detect: 640x480 dets=0 tracks=1 [#11 c=(152,177) miss=2 age=7]
21:23:33 detect: 640x480 dets=0 tracks=1 [#11 c=(152,177) miss=3 age=7]
21:23:33 detect: 640x480 dets=0 tracks=1 [#11 c=(152,177) miss=4 age=7]
21:23:33 detect: 640x480 dets=0 tracks=1 [#11 c=(152,177) miss=5 age=7]
21:23:33 detect: 640x480 dets=0 tracks=1 [#11 c=(152,177) miss=6 age=7]
21:23:33 detect: 640x480 dets=1 tracks=1 [#11 c=(153,177) miss=0 age=8]
21:23:33 detect: 640x480 dets=0 tracks=1 [#11 c=(153,177) miss=1 age=8]
21:23:34 detect: 640x480 dets=1 tracks=1 [#11 c=(154,179) miss=0 age=9]
21:23:34 detect: 640x480 dets=0 tracks=1 [#11 c=(154,179) miss=1 age=9]
21:23:34 detect: 640x480 dets=0 tracks=1 [#11 c=(154,179) miss=2 age=9]
21:23:34 detect: 640x480 dets=0 tracks=1 [#11 c=(154,179) miss=3 age=9]
21:23:34 detect: 640x480 dets=0 tracks=1 [#11 c=(154,179) miss=4 age=9]
21:23:34 detect: 640x480 dets=0 tracks=1 [#11 c=(154,179) miss=5 age=9]
21:23:34 detect: 640x480 dets=0 tracks=1 [#11 c=(154,179) miss=6 age=9]
21:23:34 detect: 640x480 dets=0 tracks=1 [#11 c=(154,179) miss=7 age=9]
21:23:34 detect: 640x480 dets=1 tracks=1 [#11 c=(154,178) miss=0 age=10]
21:23:35 detect: 640x480 dets=0 tracks=1 [#11 c=(154,178) miss=1 age=10]
21:23:35 detect: 640x480 dets=0 tracks=1 [#11 c=(154,178) miss=2 age=10]
21:23:35 detect: 640x480 dets=1 tracks=1 [#11 c=(152,177) miss=0 age=11]
21:23:35 detect: 640x480 dets=0 tracks=1 [#11 c=(152,177) miss=1 age=11]
21:23:35 detect: 640x480 dets=0 tracks=1 [#11 c=(152,177) miss=2 age=11]
21:23:35 detect: 640x480 dets=1 tracks=1 [#11 c=(154,175) miss=0 age=12]
21:23:35 saved config.yaml
21:23:35 detect: 640x480 dets=1 tracks=1 [#11 c=(154,177) miss=0 age=13]
21:23:35 detect: 640x480 dets=0 tracks=1 [#11 c=(154,177) miss=1 age=13]
21:23:35 detect: 640x480 dets=0 tracks=1 [#11 c=(154,177) miss=2 age=13]
21:23:36 detect: 640x480 dets=0 tracks=1 [#11 c=(154,177) miss=3 age=13]
21:23:36 detect: 640x480 dets=0 tracks=1 [#11 c=(154,177) miss=4 age=13]
21:23:36 detect: 640x480 dets=0 tracks=1 [#11 c=(154,177) miss=5 age=13]
21:23:36 detect: 640x480 dets=0 tracks=1 [#11 c=(154,177) miss=6 age=13]
21:23:36 detect: 640x480 dets=0 tracks=1 [#11 c=(154,177) miss=7 age=13]
21:23:36 detect: 640x480 dets=0 tracks=1 [#11 c=(154,177) miss=8 age=13]
21:23:36 reloaded config
21:23:36 detect: 640x480 dets=0 tracks=1 [#11 c=(154,177) miss=9 age=13]
21:23:36 detect: 640x480 dets=0 tracks=1 [#11 c=(154,177) miss=10 age=13]
21:23:36 detect: 640x480 dets=0 tracks=1 [#11 c=(154,177) miss=11 age=13]
21:23:36 detect: 640x480 dets=0 tracks=1 [#11 c=(154,177) miss=12 age=13]
21:23:37 detect: 640x480 dets=1 tracks=1 [#11 c=(30,360) miss=0 age=14]
21:23:37 detect: 640x480 dets=0 tracks=1 [#11 c=(30,360) miss=1 age=14]
21:23:37 detect: 640x480 dets=0 tracks=1 [#11 c=(30,360) miss=2 age=14]
21:23:37 detect: 640x480 dets=0 tracks=1 [#11 c=(30,360) miss=3 age=14]
21:23:37 detect: 640x480 dets=0 tracks=1 [#11 c=(30,360) miss=4 age=14]
21:23:37 detect: 640x480 dets=0 tracks=1 [#11 c=(30,360) miss=5 age=14]
21:23:37 detect: 640x480 dets=0 tracks=1 [#11 c=(30,360) miss=6 age=14]
21:23:37 detect: 640x480 dets=0 tracks=1 [#11 c=(30,360) miss=7 age=14]
21:23:37 detect: 640x480 dets=0 tracks=1 [#11 c=(30,360) miss=8 age=14]
21:23:37 detect: 640x480 dets=0 tracks=1 [#11 c=(30,360) miss=9 age=14]
21:23:38 detect: 640x480 dets=0 tracks=1 [#11 c=(30,360) miss=10 age=14]
21:23:38 detect: 640x480 dets=0 tracks=1 [#11 c=(30,360) miss=11 age=14]
21:23:38 detect: 640x480 dets=0 tracks=1 [#11 c=(30,360) miss=12 age=14]
21:23:38 detect: 640x480 dets=0 tracks=1 [#11 c=(30,360) miss=13 age=14]
21:23:38 detect: 640x480 dets=0 tracks=1 [#11 c=(30,360) miss=14 age=14]
21:23:38 detect: 640x480 dets=0 tracks=1 [#11 c=(30,360) miss=15 age=14]
21:23:38 detect: 640x480 dets=0 tracks=0 []
21:23:38 detect: 640x480 dets=0 tracks=0 []
21:23:38 detect: 640x480 dets=0 tracks=0 []
21:23:38 detect: 640x480 dets=1 tracks=1 [#12 c=(31,374) miss=0 age=1]
21:23:39 detect: 640x480 dets=0 tracks=1 [#12 c=(31,374) miss=1 age=1]
21:23:39 detect: 640x480 dets=0 tracks=1 [#12 c=(31,374) miss=2 age=1]
21:23:39 detect: 640x480 dets=0 tracks=1 [#12 c=(31,374) miss=3 age=1]
21:23:39 detect: 640x480 dets=0 tracks=1 [#12 c=(31,374) miss=4 age=1]
21:23:39 detect: 640x480 dets=0 tracks=1 [#12 c=(31,374) miss=5 age=1]
21:23:39 detect: 640x480 dets=0 tracks=1 [#12 c=(31,374) miss=6 age=1]
21:23:39 detect: 640x480 dets=0 tracks=1 [#12 c=(31,374) miss=7 age=1]
21:23:39 detect: 640x480 dets=0 tracks=1 [#12 c=(31,374) miss=8 age=1]
21:23:39 detect: 640x480 dets=0 tracks=1 [#12 c=(31,374) miss=9 age=1]
21:23:39 detect: 640x480 dets=0 tracks=1 [#12 c=(31,374) miss=10 age=1]
21:23:40 detect: 640x480 dets=0 tracks=1 [#12 c=(31,374) miss=11 age=1]
21:23:40 detect: 640x480 dets=0 tracks=1 [#12 c=(31,374) miss=12 age=1]
21:23:40 detect: 640x480 dets=0 tracks=1 [#12 c=(31,374) miss=13 age=1]
21:23:40 detect: 640x480 dets=0 tracks=1 [#12 c=(31,374) miss=14 age=1]
21:23:40 detect: 640x480 dets=0 tracks=1 [#12 c=(31,374) miss=15 age=1]
21:23:40 detect: 640x480 dets=0 tracks=0 []
21:23:40 detect: 640x480 dets=0 tracks=0 []
21:23:40 detect: 640x480 dets=0 tracks=0 []
21:23:41 detect: 640x480 dets=0 tracks=0 []
21:23:41 detect: 640x480 dets=0 tracks=0 []
21:23:41 detect: 640x480 dets=0 tracks=0 []
21:23:41 detect: 640x480 dets=0 tracks=0 []
21:23:41 detect: 640x480 dets=0 tracks=0 []
21:23:41 detect: 640x480 dets=0 tracks=0 []
21:23:41 detect: 640x480 dets=0 tracks=0 []
21:23:41 detect: 640x480 dets=0 tracks=0 []
21:23:41 detect: 640x480 dets=0 tracks=0 []
21:23:42 detect: 640x480 dets=0 tracks=0 []
21:23:42 detect: 640x480 dets=0 tracks=0 []
21:23:42 detect: 640x480 dets=0 tracks=0 []
21:23:42 detect: 640x480 dets=0 tracks=0 []
21:23:42 detect: 640x480 dets=0 tracks=0 []
21:23:42 detect: 640x480 dets=0 tracks=0 []
21:23:42 detect: 640x480 dets=0 tracks=0 []
21:23:42 detect: 640x480 dets=0 tracks=0 []
21:23:42 detect: 640x480 dets=0 tracks=0 []
21:23:43 detect: 640x480 dets=0 tracks=0 []
21:23:43 detect: 640x480 dets=0 tracks=0 []
21:23:43 detect: 640x480 dets=0 tracks=0 []
21:23:43 detect: 640x480 dets=0 tracks=0 []
21:23:43 detect: 640x480 dets=0 tracks=0 []
21:23:43 detect: 640x480 dets=0 tracks=0 []
21:23:43 detect: 640x480 dets=0 tracks=0 []
21:23:43 detect: 640x480 dets=0 tracks=0 []
21:23:43 detect: 640x480 dets=0 tracks=0 []
21:23:43 detect: 640x480 dets=0 tracks=0 []
21:23:44 detect: 640x480 dets=0 tracks=0 []
21:23:44 detect: 640x480 dets=0 tracks=0 []
21:23:44 detect: 640x480 dets=0 tracks=0 []
21:23:44 detect: 640x480 dets=1 tracks=1 [#13 c=(157,177) miss=0 age=1]
21:23:44 detect: 640x480 dets=0 tracks=1 [#13 c=(157,177) miss=1 age=1]
21:23:44 detect: 640x480 dets=0 tracks=1 [#13 c=(157,177) miss=2 age=1]
21:23:44 detect: 640x480 dets=0 tracks=1 [#13 c=(157,177) miss=3 age=1]
21:23:44 detect: 640x480 dets=1 tracks=1 [#13 c=(180,175) miss=0 age=2]
21:23:44 detect: 640x480 dets=0 tracks=1 [#13 c=(180,175) miss=1 age=2]
21:23:44 detect: 640x480 dets=1 tracks=1 [#13 c=(172,170) miss=0 age=3]
21:23:45 detect: 640x480 dets=1 tracks=1 [#13 c=(174,173) miss=0 age=4]
21:23:45 detect: 640x480 dets=0 tracks=1 [#13 c=(174,173) miss=1 age=4]
21:23:45 detect: 640x480 dets=0 tracks=1 [#13 c=(174,173) miss=2 age=4]
21:23:45 detect: 640x480 dets=1 tracks=1 [#13 c=(173,172) miss=0 age=5]
21:23:45 detect: 640x480 dets=0 tracks=1 [#13 c=(173,172) miss=1 age=5]
21:23:45 detect: 640x480 dets=0 tracks=1 [#13 c=(173,172) miss=2 age=5]
21:23:45 detect: 640x480 dets=0 tracks=1 [#13 c=(173,172) miss=3 age=5]
21:23:45 detect: 640x480 dets=1 tracks=1 [#13 c=(171,229) miss=0 age=6]
21:23:45 detect: 640x480 dets=0 tracks=1 [#13 c=(171,229) miss=1 age=6]
21:23:45 detect: 640x480 dets=0 tracks=1 [#13 c=(171,229) miss=2 age=6]
21:23:46 detect: 640x480 dets=0 tracks=1 [#13 c=(171,229) miss=3 age=6]
21:23:46 detect: 640x480 dets=0 tracks=1 [#13 c=(171,229) miss=4 age=6]
21:23:46 detect: 640x480 dets=1 tracks=1 [#13 c=(174,172) miss=0 age=7]
21:23:46 detect: 640x480 dets=0 tracks=1 [#13 c=(174,172) miss=1 age=7]
21:23:46 detect: 640x480 dets=1 tracks=1 [#13 c=(174,179) miss=0 age=8]
21:23:46 detect: 640x480 dets=1 tracks=1 [#13 c=(175,178) miss=0 age=9]
21:23:46 detect: 640x480 dets=0 tracks=1 [#13 c=(175,178) miss=1 age=9]
21:23:46 detect: 640x480 dets=0 tracks=1 [#13 c=(175,178) miss=2 age=9]
21:23:46 detect: 640x480 dets=1 tracks=1 [#13 c=(175,178) miss=0 age=10]
21:23:46 detect: 640x480 dets=0 tracks=1 [#13 c=(175,178) miss=1 age=10]
21:23:47 detect: 640x480 dets=1 tracks=1 [#13 c=(175,174) miss=0 age=11]
21:23:47 detect: 640x480 dets=1 tracks=1 [#13 c=(175,173) miss=0 age=12]
21:23:47 detect: 640x480 dets=1 tracks=1 [#13 c=(175,176) miss=0 age=13]
21:23:47 detect: 640x480 dets=1 tracks=1 [#13 c=(175,172) miss=0 age=14]
21:23:47 detect: 640x480 dets=1 tracks=1 [#13 c=(175,170) miss=0 age=15]
21:23:47 detect: 640x480 dets=1 tracks=1 [#13 c=(174,177) miss=0 age=16]
21:23:47 detect: 640x480 dets=0 tracks=1 [#13 c=(174,177) miss=1 age=16]
21:23:47 detect: 640x480 dets=0 tracks=1 [#13 c=(174,177) miss=2 age=16]
21:23:47 detect: 640x480 dets=1 tracks=1 [#13 c=(172,178) miss=0 age=17]
21:23:48 detect: 640x480 dets=0 tracks=1 [#13 c=(172,178) miss=1 age=17]
21:23:48 detect: 640x480 dets=1 tracks=1 [#13 c=(175,168) miss=0 age=18]
21:23:48 detect: 640x480 dets=0 tracks=1 [#13 c=(175,168) miss=1 age=18]
21:23:48 detect: 640x480 dets=1 tracks=1 [#13 c=(174,169) miss=0 age=19]
21:23:48 detect: 640x480 dets=1 tracks=1 [#13 c=(173,171) miss=0 age=20]
21:23:48 detect: 640x480 dets=1 tracks=1 [#13 c=(172,172) miss=0 age=21]
21:23:48 detect: 640x480 dets=1 tracks=1 [#13 c=(170,175) miss=0 age=22]
21:23:48 detect: 640x480 dets=1 tracks=1 [#13 c=(170,174) miss=0 age=23]
21:23:48 detect: 640x480 dets=1 tracks=1 [#13 c=(166,174) miss=0 age=24]
21:23:48 detect: 640x480 dets=1 tracks=1 [#13 c=(165,183) miss=0 age=25]
21:23:49 detect: 640x480 dets=1 tracks=1 [#13 c=(163,187) miss=0 age=26]
21:23:49 detect: 640x480 dets=1 tracks=1 [#13 c=(163,184) miss=0 age=27]
21:23:49 detect: 640x480 dets=1 tracks=1 [#13 c=(160,193) miss=0 age=28]
21:23:49 detect: 640x480 dets=1 tracks=1 [#13 c=(161,198) miss=0 age=29]
21:23:49 detect: 640x480 dets=1 tracks=1 [#13 c=(160,199) miss=0 age=30]
21:23:49 detect: 640x480 dets=1 tracks=1 [#13 c=(158,205) miss=0 age=31]
21:23:49 detect: 640x480 dets=0 tracks=1 [#13 c=(158,205) miss=1 age=31]
21:23:49 detect: 640x480 dets=1 tracks=1 [#13 c=(159,212) miss=0 age=32]
21:23:49 detect: 640x480 dets=0 tracks=1 [#13 c=(159,212) miss=1 age=32]
21:23:49 detect: 640x480 dets=1 tracks=1 [#13 c=(163,218) miss=0 age=33]
21:23:50 detect: 640x480 dets=1 tracks=1 [#13 c=(163,158) miss=0 age=34]
21:23:50 detect: 640x480 dets=1 tracks=1 [#13 c=(161,219) miss=0 age=35]
21:23:50 detect: 640x480 dets=1 tracks=1 [#13 c=(160,224) miss=0 age=36]
21:23:50 detect: 640x480 dets=2 tracks=2 [#13 c=(163,234) miss=0 age=37 #14 c=(165,158) miss=0 age=1]
21:23:50 detect: 640x480 dets=1 tracks=2 [#13 c=(162,229) miss=0 age=38 #14 c=(165,158) miss=1 age=1]
21:23:50 detect: 640x480 dets=1 tracks=2 [#13 c=(168,264) miss=0 age=39 #14 c=(165,158) miss=2 age=1]
21:23:50 detect: 640x480 dets=1 tracks=2 [#13 c=(162,220) miss=0 age=40 #14 c=(165,158) miss=3 age=1]
21:23:50 detect: 640x480 dets=1 tracks=2 [#13 c=(163,220) miss=0 age=41 #14 c=(165,158) miss=4 age=1]
21:23:50 detect: 640x480 dets=1 tracks=2 [#13 c=(162,219) miss=0 age=42 #14 c=(165,158) miss=5 age=1]
21:23:50 detect: 640x480 dets=1 tracks=2 [#13 c=(162,219) miss=0 age=43 #14 c=(165,158) miss=6 age=1]
21:23:51 detect: 640x480 dets=1 tracks=2 [#13 c=(164,220) miss=0 age=44 #14 c=(165,158) miss=7 age=1]
21:23:51 detect: 640x480 dets=1 tracks=2 [#13 c=(164,220) miss=0 age=45 #14 c=(165,158) miss=8 age=1]
21:23:51 detect: 640x480 dets=1 tracks=2 [#13 c=(162,220) miss=0 age=46 #14 c=(165,158) miss=9 age=1]
21:23:51 detect: 640x480 dets=0 tracks=2 [#13 c=(162,220) miss=1 age=46 #14 c=(165,158) miss=10 age=1]
21:23:51 detect: 640x480 dets=1 tracks=2 [#13 c=(163,219) miss=0 age=47 #14 c=(165,158) miss=11 age=1]
21:23:51 detect: 640x480 dets=1 tracks=2 [#13 c=(165,219) miss=0 age=48 #14 c=(165,158) miss=12 age=1]
21:23:51 detect: 640x480 dets=1 tracks=2 [#13 c=(165,235) miss=0 age=49 #14 c=(165,158) miss=13 age=1]
21:23:51 detect: 640x480 dets=1 tracks=2 [#13 c=(166,160) miss=0 age=50 #14 c=(165,158) miss=14 age=1]
21:23:51 detect: 640x480 dets=0 tracks=2 [#13 c=(166,160) miss=1 age=50 #14 c=(165,158) miss=15 age=1]
21:23:51 detect: 640x480 dets=1 tracks=1 [#13 c=(165,224) miss=0 age=51]
21:23:52 detect: 640x480 dets=1 tracks=1 [#13 c=(164,220) miss=0 age=52]
21:23:52 detect: 640x480 dets=1 tracks=1 [#13 c=(165,220) miss=0 age=53]
21:23:52 detect: 640x480 dets=1 tracks=1 [#13 c=(165,220) miss=0 age=54]
21:23:52 detect: 640x480 dets=1 tracks=1 [#13 c=(166,229) miss=0 age=55]
21:23:52 detect: 640x480 dets=1 tracks=1 [#13 c=(165,225) miss=0 age=56]
21:23:52 detect: 640x480 dets=2 tracks=2 [#13 c=(165,241) miss=0 age=57 #15 c=(162,172) miss=0 age=1]
21:23:52 detect: 640x480 dets=1 tracks=2 [#13 c=(165,225) miss=0 age=58 #15 c=(162,172) miss=1 age=1]
21:23:52 detect: 640x480 dets=1 tracks=2 [#13 c=(165,225) miss=0 age=59 #15 c=(162,172) miss=2 age=1]
21:23:52 detect: 640x480 dets=1 tracks=2 [#13 c=(165,226) miss=0 age=60 #15 c=(162,172) miss=3 age=1]
21:23:52 detect: 640x480 dets=1 tracks=2 [#13 c=(165,225) miss=0 age=61 #15 c=(162,172) miss=4 age=1]
21:23:53 detect: 640x480 dets=1 tracks=2 [#13 c=(168,225) miss=0 age=62 #15 c=(162,172) miss=5 age=1]
21:23:53 detect: 640x480 dets=1 tracks=2 [#13 c=(164,219) miss=0 age=63 #15 c=(162,172) miss=6 age=1]
21:23:53 detect: 640x480 dets=1 tracks=2 [#13 c=(164,221) miss=0 age=64 #15 c=(162,172) miss=7 age=1]
21:23:53 detect: 640x480 dets=1 tracks=2 [#13 c=(164,220) miss=0 age=65 #15 c=(162,172) miss=8 age=1]
21:23:53 detect: 640x480 dets=0 tracks=2 [#13 c=(164,220) miss=1 age=65 #15 c=(162,172) miss=9 age=1]
21:23:53 detect: 640x480 dets=1 tracks=2 [#13 c=(165,224) miss=0 age=66 #15 c=(162,172) miss=10 age=1]
21:23:53 detect: 640x480 dets=1 tracks=2 [#13 c=(164,229) miss=0 age=67 #15 c=(162,172) miss=11 age=1]
21:23:53 detect: 640x480 dets=1 tracks=2 [#13 c=(164,225) miss=0 age=68 #15 c=(162,172) miss=12 age=1]
21:23:54 detect: 640x480 dets=1 tracks=2 [#13 c=(164,225) miss=0 age=69 #15 c=(162,172) miss=13 age=1]
21:23:54 detect: 640x480 dets=1 tracks=2 [#13 c=(164,222) miss=0 age=70 #15 c=(162,172) miss=14 age=1]
21:23:54 detect: 640x480 dets=1 tracks=2 [#13 c=(165,223) miss=0 age=71 #15 c=(162,172) miss=15 age=1]
21:23:54 detect: 640x480 dets=1 tracks=1 [#13 c=(165,223) miss=0 age=72]
21:23:54 detect: 640x480 dets=1 tracks=1 [#13 c=(165,224) miss=0 age=73]
21:23:54 detect: 640x480 dets=0 tracks=1 [#13 c=(165,224) miss=1 age=73]
21:23:54 detect: 640x480 dets=0 tracks=1 [#13 c=(165,224) miss=2 age=73]
21:23:54 detect: 640x480 dets=1 tracks=1 [#13 c=(165,224) miss=0 age=74]
21:23:54 detect: 640x480 dets=1 tracks=1 [#13 c=(165,224) miss=0 age=75]
21:23:55 detect: 640x480 dets=1 tracks=1 [#13 c=(165,224) miss=0 age=76]
21:23:55 detect: 640x480 dets=1 tracks=1 [#13 c=(164,224) miss=0 age=77]
21:23:55 detect: 640x480 dets=1 tracks=1 [#13 c=(165,224) miss=0 age=78]
21:23:55 detect: 640x480 dets=1 tracks=1 [#13 c=(164,223) miss=0 age=79]
21:23:55 detect: 640x480 dets=1 tracks=1 [#13 c=(165,224) miss=0 age=80]
21:23:55 detect: 640x480 dets=1 tracks=1 [#13 c=(165,225) miss=0 age=81]
21:23:55 detect: 640x480 dets=1 tracks=1 [#13 c=(165,223) miss=0 age=82]
21:23:55 detect: 640x480 dets=1 tracks=1 [#13 c=(166,222) miss=0 age=83]
21:23:55 detect: 640x480 dets=1 tracks=1 [#13 c=(166,223) miss=0 age=84]
21:23:56 detect: 640x480 dets=1 tracks=1 [#13 c=(167,222) miss=0 age=85]
21:23:56 detect: 640x480 dets=1 tracks=1 [#13 c=(166,223) miss=0 age=86]
21:23:56 detect: 640x480 dets=1 tracks=1 [#13 c=(166,222) miss=0 age=87]
21:23:56 detect: 640x480 dets=1 tracks=1 [#13 c=(166,245) miss=0 age=88]
21:23:56 detect: 640x480 dets=1 tracks=1 [#13 c=(166,222) miss=0 age=89]
21:23:56 detect: 640x480 dets=1 tracks=1 [#13 c=(166,223) miss=0 age=90]
21:23:56 detect: 640x480 dets=1 tracks=1 [#13 c=(166,224) miss=0 age=91]
21:23:56 detect: 640x480 dets=1 tracks=1 [#13 c=(166,223) miss=0 age=92]
21:23:56 detect: 640x480 dets=1 tracks=1 [#13 c=(166,223) miss=0 age=93]
21:23:56 detect: 640x480 dets=1 tracks=1 [#13 c=(166,223) miss=0 age=94]
21:23:57 detect: 640x480 dets=1 tracks=1 [#13 c=(165,224) miss=0 age=95]
21:23:57 detect: 640x480 dets=1 tracks=1 [#13 c=(166,223) miss=0 age=96]
21:23:57 detect: 640x480 dets=1 tracks=1 [#13 c=(165,224) miss=0 age=97]
21:23:57 detect: 640x480 dets=1 tracks=1 [#13 c=(166,224) miss=0 age=98]
21:23:57 detect: 640x480 dets=1 tracks=1 [#13 c=(165,224) miss=0 age=99]
21:23:57 detect: 640x480 dets=1 tracks=1 [#13 c=(166,223) miss=0 age=100]
21:23:57 detect: 640x480 dets=1 tracks=1 [#13 c=(165,224) miss=0 age=101]
21:23:57 detect: 640x480 dets=1 tracks=1 [#13 c=(166,224) miss=0 age=102]
21:23:57 detect: 640x480 dets=1 tracks=1 [#13 c=(165,223) miss=0 age=103]
21:23:58 detect: 640x480 dets=1 tracks=1 [#13 c=(165,222) miss=0 age=104]
21:23:58 detect: 640x480 dets=1 tracks=1 [#13 c=(164,222) miss=0 age=105]
21:23:58 detect: 640x480 dets=1 tracks=1 [#13 c=(165,221) miss=0 age=106]
21:23:58 detect: 640x480 dets=1 tracks=1 [#13 c=(167,222) miss=0 age=107]
21:23:58 detect: 640x480 dets=1 tracks=1 [#13 c=(165,223) miss=0 age=108]
21:23:58 detect: 640x480 dets=1 tracks=1 [#13 c=(169,226) miss=0 age=109]
21:23:58 detect: 640x480 dets=1 tracks=1 [#13 c=(170,227) miss=0 age=110]
21:23:58 detect: 640x480 dets=0 tracks=1 [#13 c=(170,227) miss=1 age=110]
21:23:58 detect: 640x480 dets=1 tracks=1 [#13 c=(170,228) miss=0 age=111]
21:23:58 detect: 640x480 dets=1 tracks=1 [#13 c=(173,228) miss=0 age=112]
21:23:59 detect: 640x480 dets=0 tracks=1 [#13 c=(173,228) miss=1 age=112]
21:23:59 detect: 640x480 dets=1 tracks=1 [#13 c=(173,228) miss=0 age=113]
21:23:59 detect: 640x480 dets=1 tracks=1 [#13 c=(174,229) miss=0 age=114]
21:23:59 autoaim: lock acquired id=13 (lock button, visible=1)
21:23:59 autoaim: id=13 missed=0 box=(136,115,212,344) tgt=(273,178) crosshair=(320,240) err=(-0.15,-0.26) rate=(+0.00,+0.00) pos pan=+0.01 tilt=-0.01
21:23:59 detect: 640x480 dets=1 tracks=1 [#13 c=(173,229) miss=0 age=115]
21:23:59 detect: 640x480 dets=1 tracks=1 [#13 c=(173,230) miss=0 age=116]
21:23:59 autoaim: id=13 missed=0 box=(135,117,211,343) tgt=(173,173) crosshair=(320,240) err=(-0.46,-0.28) rate=(+0.00,+0.01) pos pan=+0.19 tilt=-0.13
21:23:59 detect: 640x480 dets=1 tracks=1 [#13 c=(172,229) miss=0 age=117]
21:23:59 detect: 640x480 dets=1 tracks=1 [#13 c=(224,254) miss=0 age=118]
21:23:59 autoaim: id=13 missed=0 box=(184,141,264,368) tgt=(193,183) crosshair=(320,240) err=(-0.40,-0.24) rate=(+0.25,+0.17) pos pan=+0.35 tilt=-0.22
21:23:59 detect: 640x480 dets=1 tracks=1 [#13 c=(297,291) miss=0 age=119]
21:23:59 detect: 640x480 dets=1 tracks=1 [#13 c=(336,309) miss=0 age=120]
21:23:59 autoaim: id=13 missed=0 box=(294,200,379,418) tgt=(275,224) crosshair=(320,240) err=(-0.14,-0.07) rate=(+0.91,+0.61) pos pan=+0.35 tilt=-0.21
21:23:59 detect: 640x480 dets=1 tracks=1 [#13 c=(378,331) miss=0 age=121]
21:24:00 autoaim: id=13 missed=0 box=(337,223,419,440) tgt=(316,245) crosshair=(320,240) err=(-0.01,+0.02) rate=(+1.16,+0.79) pos pan=+0.35 tilt=-0.21
21:24:00 detect: 640x480 dets=1 tracks=1 [#13 c=(383,327) miss=0 age=122]
21:24:00 autoaim: id=13 missed=0 box=(342,219,425,436) tgt=(343,257) crosshair=(320,240) err=(+0.07,+0.07) rate=(+0.81,+0.54) pos pan=+0.19 tilt=-0.09
21:24:00 detect: 640x480 dets=1 tracks=1 [#13 c=(383,326) miss=0 age=123]
21:24:00 detect: 640x480 dets=1 tracks=1 [#13 c=(383,326) miss=0 age=124]
21:24:00 autoaim: id=13 missed=0 box=(342,218,425,434) tgt=(369,267) crosshair=(320,240) err=(+0.15,+0.11) rate=(+0.57,+0.34) pos pan=+0.08 tilt=-0.01
21:24:00 detect: 640x480 dets=1 tracks=1 [#13 c=(298,262) miss=0 age=125]
21:24:00 detect: 640x480 dets=2 tracks=2 [#13 c=(276,243) miss=0 age=126 #16 c=(31,367) miss=0 age=1]
21:24:00 autoaim: id=13 missed=0 box=(236,131,316,355) tgt=(315,221) crosshair=(320,240) err=(-0.02,-0.08) rate=(-0.36,-0.52) pos pan=+0.07 tilt=-0.06
21:24:00 detect: 640x480 dets=1 tracks=2 [#13 c=(222,231) miss=0 age=127 #16 c=(31,367) miss=1 age=1]
21:24:00 detect: 640x480 dets=1 tracks=2 [#13 c=(215,231) miss=0 age=128 #16 c=(31,367) miss=2 age=1]
21:24:00 autoaim: id=13 missed=0 box=(176,118,254,345) tgt=(253,191) crosshair=(320,240) err=(-0.21,-0.20) rate=(-0.65,-0.51) pos pan=+0.23 tilt=-0.21
21:24:00 detect: 640x480 dets=1 tracks=2 [#13 c=(222,254) miss=0 age=129 #16 c=(31,367) miss=3 age=1]
21:24:01 detect: 640x480 dets=1 tracks=2 [#13 c=(238,277) miss=0 age=130 #16 c=(31,367) miss=4 age=1]
21:24:01 autoaim: id=13 missed=0 box=(197,165,280,390) tgt=(240,205) crosshair=(320,240) err=(-0.25,-0.15) rate=(-0.34,+0.02) pos pan=+0.37 tilt=-0.29
21:24:01 detect: 640x480 dets=1 tracks=2 [#13 c=(276,315) miss=0 age=131 #16 c=(31,367) miss=5 age=1]
21:24:01 detect: 640x480 dets=1 tracks=2 [#13 c=(332,344) miss=0 age=132 #16 c=(31,367) miss=6 age=1]
21:24:01 autoaim: id=13 missed=0 box=(290,236,375,453) tgt=(286,252) crosshair=(320,240) err=(-0.11,+0.05) rate=(+0.51,+0.81) pos pan=+0.41 tilt=-0.24
21:24:01 detect: 640x480 dets=1 tracks=2 [#13 c=(384,355) miss=0 age=133 #16 c=(31,367) miss=7 age=1]
21:24:01 detect: 640x480 dets=1 tracks=2 [#13 c=(404,354) miss=0 age=134 #16 c=(31,367) miss=8 age=1]
21:24:01 autoaim: id=13 missed=0 box=(363,249,446,460) tgt=(357,284) crosshair=(320,240) err=(+0.12,+0.18) rate=(+0.88,+0.69) pos pan=+0.34 tilt=-0.10
21:24:01 detect: 640x480 dets=1 tracks=2 [#13 c=(404,325) miss=0 age=135 #16 c=(31,367) miss=9 age=1]
21:24:01 detect: 640x480 dets=2 tracks=2 [#13 c=(403,301) miss=0 age=136 #16 c=(31,373) miss=0 age=2]
21:24:01 detect: 640x480 dets=1 tracks=2 [#13 c=(356,266) miss=0 age=137 #16 c=(31,373) miss=1 age=2]
21:24:01 autoaim: id=13 missed=0 box=(315,157,397,375) tgt=(374,244) crosshair=(320,240) err=(+0.17,+0.02) rate=(+0.20,-0.38) pos pan=+0.15 tilt=-0.03
21:24:01 detect: 640x480 dets=2 tracks=2 [#13 c=(327,251) miss=0 age=138 #16 c=(31,359) miss=0 age=3]
21:24:01 detect: 640x480 dets=1 tracks=2 [#13 c=(276,238) miss=0 age=139 #16 c=(31,359) miss=1 age=3]
21:24:01 autoaim: id=13 missed=0 box=(236,126,317,350) tgt=(324,208) crosshair=(320,240) err=(+0.01,-0.13) rate=(-0.46,-0.62) pos pan=+0.14 tilt=-0.13
21:24:02 detect: 640x480 dets=1 tracks=2 [#13 c=(258,242) miss=0 age=140 #16 c=(31,359) miss=2 age=3]
21:24:02 detect: 640x480 dets=1 tracks=2 [#13 c=(249,263) miss=0 age=141 #16 c=(31,359) miss=3 age=3]
21:24:02 autoaim: id=13 missed=0 box=(209,150,290,377) tgt=(278,202) crosshair=(320,240) err=(-0.13,-0.16) rate=(-0.64,-0.27) pos pan=+0.23 tilt=-0.22
21:24:02 detect: 640x480 dets=2 tracks=2 [#13 c=(256,289) miss=0 age=142 #16 c=(30,381) miss=0 age=4]
21:24:02 detect: 640x480 dets=1 tracks=2 [#13 c=(276,311) miss=0 age=143 #16 c=(30,381) miss=1 age=4]
21:24:02 autoaim: id=13 missed=0 box=(234,200,319,422) tgt=(272,231) crosshair=(320,240) err=(-0.15,-0.04) rate=(-0.26,+0.24) pos pan=+0.35 tilt=-0.25
21:24:02 detect: 640x480 dets=1 tracks=2 [#13 c=(315,332) miss=0 age=144 #16 c=(30,381) miss=2 age=4]
21:24:02 detect: 640x480 dets=1 tracks=2 [#13 c=(337,341) miss=0 age=145 #16 c=(30,381) miss=3 age=4]
21:24:02 autoaim: id=13 missed=0 box=(296,233,379,449) tgt=(309,264) crosshair=(320,240) err=(-0.04,+0.10) rate=(+0.30,+0.56) pos pan=+0.36 tilt=-0.20
21:24:02 detect: 640x480 dets=1 tracks=2 [#13 c=(371,338) miss=0 age=146 #16 c=(30,381) miss=4 age=4]
21:24:02 detect: 640x480 dets=1 tracks=2 [#13 c=(382,331) miss=0 age=147 #16 c=(30,381) miss=5 age=4]
21:24:02 autoaim: id=13 missed=0 box=(341,226,424,437) tgt=(353,275) crosshair=(320,240) err=(+0.10,+0.15) rate=(+0.59,+0.33) pos pan=+0.32 tilt=-0.11
21:24:02 detect: 640x480 dets=1 tracks=2 [#13 c=(368,286) miss=0 age=148 #16 c=(30,381) miss=6 age=4]
21:24:03 autoaim: id=13 missed=0 box=(326,177,410,395) tgt=(359,258) crosshair=(320,240) err=(+0.12,+0.07) rate=(+0.39,+0.07) pos pan=+0.22 tilt=-0.07
21:24:03 detect: 640x480 dets=1 tracks=2 [#13 c=(360,284) miss=0 age=149 #16 c=(30,381) miss=7 age=4]
21:24:03 detect: 640x480 dets=1 tracks=2 [#13 c=(335,278) miss=0 age=150 #16 c=(30,381) miss=8 age=4]
21:24:03 autoaim: id=13 missed=0 box=(295,169,376,388) tgt=(350,237) crosshair=(320,240) err=(+0.09,-0.01) rate=(-0.00,-0.27) pos pan=+0.17 tilt=-0.07
21:24:03 detect: 640x480 dets=1 tracks=2 [#13 c=(274,264) miss=0 age=151 #16 c=(30,381) miss=9 age=4]
21:24:03 autoaim: id=13 missed=0 box=(233,153,316,376) tgt=(320,226) crosshair=(320,240) err=(-0.00,-0.06) rate=(-0.16,-0.24) pos pan=+0.17 tilt=-0.13
21:24:03 detect: 640x480 dets=1 tracks=2 [#13 c=(272,257) miss=0 age=152 #16 c=(30,381) miss=10 age=4]
21:24:03 detect: 640x480 dets=1 tracks=2 [#13 c=(271,262) miss=0 age=153 #16 c=(30,381) miss=11 age=4]
21:24:03 autoaim: id=13 missed=0 box=(230,150,312,375) tgt=(289,212) crosshair=(320,240) err=(-0.10,-0.12) rate=(-0.36,-0.26) pos pan=+0.24 tilt=-0.20
21:24:03 detect: 640x480 dets=2 tracks=2 [#13 c=(271,281) miss=0 age=154 #16 c=(30,380) miss=0 age=5]
21:24:03 detect: 640x480 dets=1 tracks=2 [#13 c=(289,298) miss=0 age=155 #16 c=(30,380) miss=1 age=5]
21:24:03 autoaim: id=13 missed=0 box=(247,185,332,411) tgt=(285,227) crosshair=(320,240) err=(-0.11,-0.05) rate=(-0.18,+0.10) pos pan=+0.31 tilt=-0.22
21:24:03 detect: 640x480 dets=2 tracks=2 [#13 c=(313,325) miss=0 age=156 #16 c=(30,374) miss=0 age=6]
21:24:03 detect: 640x480 dets=2 tracks=2 [#13 c=(331,326) miss=0 age=157 #16 c=(31,370) miss=0 age=7]
21:24:04 autoaim: id=13 missed=0 box=(290,216,373,436) tgt=(310,255) crosshair=(320,240) err=(-0.03,+0.06) rate=(+0.22,+0.44) pos pan=+0.32 tilt=-0.19
21:24:04 detect: 640x480 dets=1 tracks=2 [#13 c=(349,328) miss=0 age=158 #16 c=(31,370) miss=1 age=7]
21:24:04 detect: 640x480 dets=1 tracks=2 [#13 c=(358,324) miss=0 age=159 #16 c=(31,370) miss=2 age=7]
21:24:04 detect: 640x480 dets=1 tracks=2 [#13 c=(359,319) miss=0 age=160 #16 c=(31,370) miss=3 age=7]
21:24:04 autoaim: id=13 missed=0 box=(318,212,401,427) tgt=(347,266) crosshair=(320,240) err=(+0.08,+0.11) rate=(+0.32,+0.17) pos pan=+0.26 tilt=-0.09
21:24:04 detect: 640x480 dets=1 tracks=2 [#13 c=(358,301) miss=0 age=161 #16 c=(31,370) miss=4 age=7]
21:24:04 detect: 640x480 dets=2 tracks=2 [#13 c=(338,282) miss=0 age=162 #16 c=(32,371) miss=0 age=8]
21:24:04 autoaim: id=13 missed=0 box=(297,172,379,393) tgt=(346,246) crosshair=(320,240) err=(+0.08,+0.02) rate=(+0.09,-0.19) pos pan=+0.20 tilt=-0.07
21:24:04 detect: 640x480 dets=1 tracks=2 [#13 c=(312,262) miss=0 age=163 #16 c=(32,371) miss=1 age=8]
21:24:04 detect: 640x480 dets=0 tracks=2 [#13 c=(312,262) miss=1 age=163 #16 c=(32,371) miss=2 age=8]
21:24:04 autoaim: id=13 missed=1 box=(271,152,354,372) tgt=(333,230) crosshair=(320,240) err=(+0.04,-0.04) rate=(-0.11,-0.37) pos pan=+0.20 tilt=-0.07
21:24:04 detect: 640x480 dets=1 tracks=2 [#13 c=(288,258) miss=0 age=164 #16 c=(32,371) miss=3 age=8]
21:24:04 autoaim: id=13 missed=0 box=(247,147,330,370) tgt=(315,219) crosshair=(320,240) err=(-0.02,-0.09) rate=(-0.20,-0.33) pos pan=+0.20 tilt=-0.13
21:24:04 detect: 640x480 dets=0 tracks=2 [#13 c=(288,258) miss=1 age=164 #16 c=(32,371) miss=4 age=8]
21:24:05 detect: 640x480 dets=1 tracks=2 [#13 c=(288,284) miss=0 age=165 #16 c=(32,371) miss=5 age=8]
21:24:05 autoaim: id=13 missed=0 box=(246,173,330,395) tgt=(304,223) crosshair=(320,240) err=(-0.05,-0.07) rate=(-0.17,-0.18) pos pan=+0.20 tilt=-0.20
21:24:05 detect: 640x480 dets=1 tracks=2 [#13 c=(288,281) miss=0 age=166 #16 c=(32,371) miss=6 age=8]
21:24:05 detect: 640x480 dets=1 tracks=2 [#13 c=(288,284) miss=0 age=167 #16 c=(32,371) miss=7 age=8]
21:24:05 autoaim: id=13 missed=0 box=(247,174,329,394) tgt=(294,226) crosshair=(320,240) err=(-0.08,-0.06) rate=(-0.17,-0.02) pos pan=+0.24 tilt=-0.22
21:24:05 detect: 640x480 dets=1 tracks=2 [#13 c=(289,299) miss=0 age=168 #16 c=(32,371) miss=8 age=8]
21:24:05 detect: 640x480 dets=1 tracks=2 [#13 c=(296,324) miss=0 age=169 #16 c=(32,371) miss=9 age=8]
21:24:05 autoaim: id=13 missed=0 box=(255,216,338,433) tgt=(294,247) crosshair=(320,240) err=(-0.08,+0.03) rate=(-0.05,+0.31) pos pan=+0.29 tilt=-0.22
21:24:05 detect: 640x480 dets=1 tracks=2 [#13 c=(318,334) miss=0 age=170 #16 c=(32,371) miss=10 age=8]
21:24:05 detect: 640x480 dets=1 tracks=2 [#13 c=(327,329) miss=0 age=171 #16 c=(32,371) miss=11 age=8]
21:24:05 autoaim: id=13 missed=0 box=(286,220,368,439) tgt=(313,266) crosshair=(320,240) err=(-0.02,+0.11) rate=(+0.23,+0.37) pos pan=+0.29 tilt=-0.16
21:24:05 autoaim: id=13 missed=0 box=(286,220,368,439) tgt=(313,266) crosshair=(320,240) err=(-0.02,+0.11) rate=(+0.23,+0.37) pos pan=+0.29 tilt=-0.16
21:24:05 detect: 640x480 dets=1 tracks=2 [#13 c=(341,305) miss=0 age=172 #16 c=(32,371) miss=12 age=8]
21:24:06 detect: 640x480 dets=2 tracks=2 [#13 c=(341,304) miss=0 age=173 #16 c=(30,377) miss=0 age=9]
21:24:06 autoaim: id=13 missed=0 box=(298,195,384,413) tgt=(331,256) crosshair=(320,240) err=(+0.03,+0.07) rate=(+0.22,+0.02) pos pan=+0.29 tilt=-0.07
21:24:06 detect: 640x480 dets=1 tracks=2 [#13 c=(341,304) miss=0 age=174 #16 c=(30,377) miss=1 age=9]
21:24:06 detect: 640x480 dets=1 tracks=2 [#13 c=(341,258) miss=0 age=175 #16 c=(30,377) miss=2 age=9]
21:24:06 autoaim: id=13 missed=0 box=(298,149,385,368) tgt=(338,233) crosshair=(320,240) err=(+0.05,-0.03) rate=(+0.14,-0.36) pos pan=+0.28 tilt=-0.05
21:24:06 detect: 640x480 dets=1 tracks=2 [#13 c=(339,265) miss=0 age=176 #16 c=(30,377) miss=3 age=9]
21:24:06 detect: 640x480 dets=1 tracks=2 [#13 c=(340,250) miss=0 age=177 #16 c=(30,377) miss=4 age=9]
21:24:06 detect: 640x480 dets=1 tracks=2 [#13 c=(332,255) miss=0 age=178 #16 c=(30,377) miss=5 age=9]
21:24:06 autoaim: id=13 missed=0 box=(290,145,374,366) tgt=(336,207) crosshair=(320,240) err=(+0.05,-0.14) rate=(-0.00,-0.37) pos pan=+0.24 tilt=-0.16
21:24:06 detect: 640x480 dets=1 tracks=2 [#13 c=(325,261) miss=0 age=179 #16 c=(30,377) miss=6 age=9]
21:24:06 detect: 640x480 dets=1 tracks=2 [#13 c=(316,293) miss=0 age=180 #16 c=(30,377) miss=7 age=9]
21:24:06 autoaim: id=13 missed=0 box=(274,183,359,404) tgt=(326,219) crosshair=(320,240) err=(+0.02,-0.09) rate=(-0.11,+0.08) pos pan=+0.24 tilt=-0.22
21:24:06 detect: 640x480 dets=1 tracks=2 [#13 c=(316,302) miss=0 age=181 #16 c=(30,377) miss=8 age=9]
21:24:06 detect: 640x480 dets=1 tracks=2 [#13 c=(318,324) miss=0 age=182 #16 c=(30,377) miss=9 age=9]
21:24:06 autoaim: id=13 missed=0 box=(275,214,361,435) tgt=(320,246) crosshair=(320,240) err=(+0.00,+0.03) rate=(-0.08,+0.37) pos pan=+0.24 tilt=-0.22
21:24:07 detect: 640x480 dets=1 tracks=2 [#13 c=(316,330) miss=0 age=183 #16 c=(30,377) miss=10 age=9]
21:24:07 detect: 640x480 dets=1 tracks=2 [#13 c=(317,329) miss=0 age=184 #16 c=(30,377) miss=11 age=9]
21:24:07 autoaim: id=13 missed=0 box=(274,220,360,439) tgt=(318,265) crosshair=(320,240) err=(-0.01,+0.10) rate=(-0.05,+0.39) pos pan=+0.24 tilt=-0.15
21:24:07 detect: 640x480 dets=1 tracks=2 [#13 c=(316,332) miss=0 age=185 #16 c=(30,377) miss=12 age=9]
21:24:07 detect: 640x480 dets=1 tracks=2 [#13 c=(316,314) miss=0 age=186 #16 c=(30,377) miss=13 age=9]
21:24:07 autoaim: id=13 missed=0 box=(274,205,359,423) tgt=(317,266) crosshair=(320,240) err=(-0.01,+0.11) rate=(-0.03,+0.11) pos pan=+0.24 tilt=-0.09
21:24:07 detect: 640x480 dets=1 tracks=2 [#13 c=(317,296) miss=0 age=187 #16 c=(30,377) miss=14 age=9]
21:24:07 detect: 640x480 dets=1 tracks=2 [#13 c=(316,273) miss=0 age=188 #16 c=(30,377) miss=15 age=9]
21:24:07 autoaim: id=13 missed=0 box=(274,162,359,385) tgt=(317,241) crosshair=(320,240) err=(-0.01,+0.00) rate=(-0.01,-0.34) pos pan=+0.24 tilt=-0.08
21:24:07 detect: 640x480 dets=1 tracks=1 [#13 c=(316,272) miss=0 age=189]
21:24:07 detect: 640x480 dets=1 tracks=1 [#13 c=(314,266) miss=0 age=190]
21:24:07 autoaim: id=13 missed=0 box=(272,155,357,377) tgt=(316,223) crosshair=(320,240) err=(-0.01,-0.07) rate=(-0.02,-0.36) pos pan=+0.24 tilt=-0.11
21:24:07 detect: 640x480 dets=1 tracks=1 [#13 c=(314,267) miss=0 age=191]
21:24:07 detect: 640x480 dets=1 tracks=1 [#13 c=(314,261) miss=0 age=192]
21:24:08 autoaim: id=13 missed=0 box=(271,152,357,371) tgt=(315,214) crosshair=(320,240) err=(-0.02,-0.11) rate=(-0.02,-0.24) pos pan=+0.24 tilt=-0.18
21:24:08 detect: 640x480 dets=1 tracks=1 [#13 c=(314,270) miss=0 age=193]
21:24:08 detect: 640x480 dets=1 tracks=1 [#13 c=(315,285) miss=0 age=194]
21:24:08 autoaim: id=13 missed=0 box=(270,164,360,406) tgt=(315,218) crosshair=(320,240) err=(-0.02,-0.09) rate=(-0.00,-0.00) pos pan=+0.24 tilt=-0.23
21:24:08 detect: 640x480 dets=1 tracks=1 [#13 c=(314,304) miss=0 age=195]
21:24:08 autoaim: id=13 missed=0 box=(272,172,357,436) tgt=(315,226) crosshair=(320,240) err=(-0.02,-0.06) rate=(-0.00,+0.06) pos pan=+0.24 tilt=-0.25
21:24:08 detect: 640x480 dets=1 tracks=1 [#13 c=(316,295) miss=0 age=196]
21:24:08 autoaim: id=13 missed=0 box=(274,158,359,432) tgt=(315,226) crosshair=(320,240) err=(-0.01,-0.06) rate=(+0.01,+0.04) pos pan=+0.24 tilt=-0.25
21:24:08 detect: 640x480 dets=1 tracks=1 [#13 c=(318,290) miss=0 age=197]
21:24:08 detect: 640x480 dets=1 tracks=1 [#13 c=(318,299) miss=0 age=198]
21:24:08 autoaim: id=13 missed=0 box=(279,152,358,446) tgt=(317,223) crosshair=(320,240) err=(-0.01,-0.07) rate=(+0.02,+0.02) pos pan=+0.24 tilt=-0.31
21:24:08 detect: 640x480 dets=1 tracks=1 [#13 c=(320,277) miss=0 age=199]
21:24:08 detect: 640x480 dets=1 tracks=1 [#13 c=(322,281) miss=0 age=200]
21:24:09 autoaim: id=13 missed=0 box=(282,109,363,453) tgt=(320,204) crosshair=(320,240) err=(+0.00,-0.15) rate=(+0.04,-0.24) pos pan=+0.24 tilt=-0.37
21:24:09 detect: 640x480 dets=1 tracks=1 [#13 c=(325,316) miss=0 age=201]
21:24:09 detect: 640x480 dets=1 tracks=1 [#13 c=(326,326) miss=0 age=202]
21:24:09 autoaim: id=13 missed=0 box=(286,177,366,475) tgt=(324,231) crosshair=(320,240) err=(+0.01,-0.04) rate=(+0.04,+0.20) pos pan=+0.24 tilt=-0.42
21:24:09 detect: 640x480 dets=0 tracks=1 [#13 c=(326,326) miss=1 age=202]
21:24:09 autoaim: id=13 missed=1 box=(286,177,366,475) tgt=(324,231) crosshair=(320,240) err=(+0.01,-0.04) rate=(+0.04,+0.20) pos pan=+0.24 tilt=-0.42
21:24:09 detect: 640x480 dets=1 tracks=1 [#13 c=(327,336) miss=0 age=203]
21:24:09 detect: 640x480 dets=1 tracks=1 [#13 c=(326,336) miss=0 age=204]
21:24:09 autoaim: id=13 missed=0 box=(287,199,366,474) tgt=(326,254) crosshair=(320,240) err=(+0.02,+0.06) rate=(+0.03,+0.36) pos pan=+0.24 tilt=-0.40
21:24:09 detect: 640x480 dets=1 tracks=1 [#13 c=(325,339) miss=0 age=205]
21:24:09 detect: 640x480 dets=1 tracks=1 [#13 c=(326,336) miss=0 age=206]
21:24:09 autoaim: id=13 missed=0 box=(287,198,365,475) tgt=(326,264) crosshair=(320,240) err=(+0.02,+0.10) rate=(+0.01,+0.20) pos pan=+0.24 tilt=-0.31
21:24:09 detect: 640x480 dets=1 tracks=1 [#13 c=(325,336) miss=0 age=207]
21:24:10 detect: 640x480 dets=1 tracks=1 [#13 c=(326,325) miss=0 age=208]
21:24:10 autoaim: id=13 missed=0 box=(288,175,364,476) tgt=(326,259) crosshair=(320,240) err=(+0.02,+0.08) rate=(+0.00,-0.01) pos pan=+0.24 tilt=-0.27
21:24:10 detect: 640x480 dets=1 tracks=1 [#13 c=(323,314) miss=0 age=209]
21:24:10 detect: 640x480 dets=1 tracks=1 [#13 c=(325,299) miss=0 age=210]
21:24:10 autoaim: id=13 missed=0 box=(283,135,367,463) tgt=(325,236) crosshair=(320,240) err=(+0.02,-0.02) rate=(-0.00,-0.35) pos pan=+0.24 tilt=-0.27
21:24:10 detect: 640x480 dets=1 tracks=1 [#13 c=(334,297) miss=0 age=211]
21:24:10 autoaim: id=13 missed=0 box=(289,132,379,463) tgt=(328,228) crosshair=(320,240) err=(+0.03,-0.05) rate=(+0.02,-0.29) pos pan=+0.24 tilt=-0.32
21:24:10 detect: 640x480 dets=1 tracks=1 [#13 c=(345,295) miss=0 age=212]
21:24:10 detect: 640x480 dets=1 tracks=1 [#13 c=(352,296) miss=0 age=213]
21:24:10 autoaim: id=13 missed=0 box=(296,129,409,463) tgt=(342,218) crosshair=(320,240) err=(+0.07,-0.09) rate=(+0.13,-0.21) pos pan=+0.21 tilt=-0.39
21:24:10 detect: 640x480 dets=1 tracks=1 [#13 c=(357,308) miss=0 age=214]
21:24:10 detect: 640x480 dets=1 tracks=1 [#13 c=(361,309) miss=0 age=215]
21:24:10 autoaim: id=13 missed=0 box=(309,143,414,475) tgt=(353,223) crosshair=(320,240) err=(+0.10,-0.07) rate=(+0.18,+0.00) pos pan=+0.17 tilt=-0.41
21:24:11 detect: 640x480 dets=0 tracks=1 [#13 c=(361,309) miss=1 age=215]
21:24:11 detect: 640x480 dets=0 tracks=1 [#13 c=(361,309) miss=2 age=215]
21:24:11 autoaim: id=13 missed=2 box=(309,143,414,475) tgt=(353,223) crosshair=(320,240) err=(+0.10,-0.07) rate=(+0.18,+0.00) pos pan=+0.17 tilt=-0.41
21:24:11 detect: 640x480 dets=1 tracks=1 [#13 c=(359,317) miss=0 age=216]
21:24:11 detect: 640x480 dets=1 tracks=1 [#13 c=(366,314) miss=0 age=217]
21:24:11 autoaim: id=13 missed=0 box=(317,156,416,473) tgt=(360,231) crosshair=(320,240) err=(+0.13,-0.04) rate=(+0.14,+0.07) pos pan=+0.06 tilt=-0.41
21:24:11 detect: 640x480 dets=1 tracks=1 [#13 c=(370,314) miss=0 age=218]
21:24:11 detect: 640x480 dets=1 tracks=1 [#13 c=(345,309) miss=0 age=219]
21:24:11 autoaim: id=13 missed=0 box=(290,143,400,476) tgt=(356,230) crosshair=(320,240) err=(+0.11,-0.04) rate=(-0.00,-0.00) pos pan=-0.00 tilt=-0.41
21:24:11 detect: 640x480 dets=1 tracks=1 [#13 c=(330,308) miss=0 age=220]
21:24:11 detect: 640x480 dets=1 tracks=1 [#13 c=(319,304) miss=0 age=221]
21:24:11 autoaim: id=13 missed=0 box=(267,135,372,474) tgt=(335,224) crosshair=(320,240) err=(+0.05,-0.07) rate=(-0.21,-0.07) pos pan=-0.01 tilt=-0.44
21:24:11 detect: 640x480 dets=1 tracks=1 [#13 c=(323,305) miss=0 age=222]
21:24:11 detect: 640x480 dets=1 tracks=1 [#13 c=(327,317) miss=0 age=223]
21:24:12 autoaim: id=13 missed=0 box=(270,162,385,473) tgt=(329,229) crosshair=(320,240) err=(+0.03,-0.04) rate=(-0.14,+0.07) pos pan=-0.01 tilt=-0.46
21:24:12 detect: 640x480 dets=1 tracks=1 [#13 c=(328,311) miss=0 age=224]
21:24:12 detect: 640x480 dets=1 tracks=1 [#13 c=(349,320) miss=0 age=225]
21:24:12 autoaim: id=13 missed=0 box=(299,165,399,476) tgt=(337,235) crosshair=(320,240) err=(+0.05,-0.02) rate=(+0.05,+0.11) pos pan=-0.03 tilt=-0.46
21:24:12 detect: 640x480 dets=1 tracks=1 [#13 c=(356,318) miss=0 age=226]
21:24:12 detect: 640x480 dets=1 tracks=1 [#13 c=(366,309) miss=0 age=227]
21:24:12 autoaim: id=13 missed=0 box=(318,170,414,449) tgt=(353,238) crosshair=(320,240) err=(+0.10,-0.01) rate=(+0.18,+0.09) pos pan=-0.08 tilt=-0.46
21:24:12 detect: 640x480 dets=1 tracks=1 [#13 c=(363,321) miss=0 age=228]
21:24:12 detect: 640x480 dets=1 tracks=1 [#13 c=(348,324) miss=0 age=229]
21:24:12 autoaim: id=13 missed=0 box=(300,174,396,474) tgt=(354,244) crosshair=(320,240) err=(+0.10,+0.02) rate=(+0.05,+0.11) pos pan=-0.14 tilt=-0.46
21:24:12 detect: 640x480 dets=1 tracks=1 [#13 c=(339,320) miss=0 age=230]
21:24:12 detect: 640x480 dets=1 tracks=1 [#13 c=(328,327) miss=0 age=231]
21:24:12 autoaim: id=13 missed=0 box=(280,177,376,477) tgt=(340,248) crosshair=(320,240) err=(+0.06,+0.03) rate=(-0.13,+0.10) pos pan=-0.16 tilt=-0.46
21:24:12 detect: 640x480 dets=1 tracks=1 [#13 c=(324,327) miss=0 age=232]
21:24:12 detect: 640x480 dets=1 tracks=1 [#13 c=(330,329) miss=0 age=233]
21:24:13 autoaim: id=13 missed=0 box=(280,182,380,476) tgt=(332,252) crosshair=(320,240) err=(+0.04,+0.05) rate=(-0.12,+0.09) pos pan=-0.16 tilt=-0.44
21:24:13 detect: 640x480 dets=1 tracks=1 [#13 c=(335,327) miss=0 age=234]
21:24:13 detect: 640x480 dets=1 tracks=1 [#13 c=(347,329) miss=0 age=235]
21:24:13 autoaim: id=13 missed=0 box=(300,182,395,477) tgt=(339,254) crosshair=(320,240) err=(+0.06,+0.06) rate=(+0.04,+0.06) pos pan=-0.17 tilt=-0.41
21:24:13 detect: 640x480 dets=1 tracks=1 [#13 c=(356,316) miss=0 age=236]
21:24:13 detect: 640x480 dets=1 tracks=1 [#13 c=(361,324) miss=0 age=237]
21:24:13 autoaim: id=13 missed=0 box=(317,173,406,476) tgt=(352,250) crosshair=(320,240) err=(+0.10,+0.04) rate=(+0.16,-0.03) pos pan=-0.22 tilt=-0.41
21:24:13 detect: 640x480 dets=1 tracks=1 [#13 c=(339,318) miss=0 age=238]
21:24:13 autoaim: id=13 missed=0 box=(295,163,383,474) tgt=(347,247) crosshair=(320,240) err=(+0.08,+0.03) rate=(+0.07,-0.05) pos pan=-0.26 tilt=-0.41
21:24:13 detect: 640x480 dets=1 tracks=1 [#13 c=(335,295) miss=0 age=239]
21:24:13 detect: 640x480 dets=1 tracks=1 [#13 c=(321,319) miss=0 age=240]
21:24:13 autoaim: id=13 missed=0 box=(278,163,364,475) tgt=(334,240) crosshair=(320,240) err=(+0.04,+0.00) rate=(-0.14,-0.08) pos pan=-0.27 tilt=-0.41
21:24:13 detect: 640x480 dets=1 tracks=1 [#13 c=(290,317) miss=0 age=241]
21:24:14 detect: 640x480 dets=1 tracks=1 [#13 c=(284,319) miss=0 age=242]
21:24:14 autoaim: id=13 missed=0 box=(238,161,331,477) tgt=(304,240) crosshair=(320,240) err=(-0.05,-0.00) rate=(-0.26,-0.03) pos pan=-0.25 tilt=-0.41
21:24:14 detect: 640x480 dets=1 tracks=1 [#13 c=(272,293) miss=0 age=243]
21:24:14 detect: 640x480 dets=1 tracks=1 [#13 c=(262,307) miss=0 age=244]
21:24:14 autoaim: id=13 missed=0 box=(214,159,311,455) tgt=(280,234) crosshair=(320,240) err=(-0.13,-0.02) rate=(-0.33,-0.07) pos pan=-0.17 tilt=-0.41
21:24:14 detect: 640x480 dets=1 tracks=1 [#13 c=(263,316) miss=0 age=245]
21:24:14 detect: 640x480 dets=1 tracks=1 [#13 c=(268,315) miss=0 age=246]
21:24:14 autoaim: id=13 missed=0 box=(220,157,316,473) tgt=(271,236) crosshair=(320,240) err=(-0.15,-0.02) rate=(-0.18,-0.01) pos pan=-0.07 tilt=-0.41
21:24:14 detect: 640x480 dets=1 tracks=1 [#13 c=(285,287) miss=0 age=247]
21:24:14 detect: 640x480 dets=1 tracks=1 [#13 c=(304,238) miss=0 age=248]
21:24:14 autoaim: id=13 missed=0 box=(268,160,340,317) tgt=(288,218) crosshair=(320,240) err=(-0.10,-0.09) rate=(+0.18,-0.37) pos pan=-0.03 tilt=-0.44
21:24:14 detect: 640x480 dets=1 tracks=1 [#13 c=(305,318) miss=0 age=249]
21:24:14 detect: 640x480 dets=1 tracks=1 [#13 c=(322,319) miss=0 age=250]
21:24:14 autoaim: id=13 missed=0 box=(271,163,373,476) tgt=(306,233) crosshair=(320,240) err=(-0.04,-0.03) rate=(+0.29,+0.09) pos pan=-0.03 tilt=-0.45
21:24:14 detect: 640x480 dets=2 tracks=2 [#13 c=(309,321) miss=0 age=251 #17 c=(318,393) miss=0 age=1]
21:24:15 autoaim: id=13 missed=0 box=(266,167,353,476) tgt=(307,237) crosshair=(320,240) err=(-0.04,-0.01) rate=(+0.19,+0.13) pos pan=-0.03 tilt=-0.45
21:24:15 detect: 640x480 dets=1 tracks=2 [#13 c=(281,321) miss=0 age=252 #17 c=(318,393) miss=1 age=1]
21:24:15 autoaim: id=13 missed=0 box=(232,166,331,477) tgt=(297,240) crosshair=(320,240) err=(-0.07,-0.00) rate=(+0.06,+0.10) pos pan=-0.00 tilt=-0.45
21:24:15 detect: 640x480 dets=1 tracks=2 [#13 c=(263,326) miss=0 age=253 #17 c=(318,393) miss=2 age=1]
21:24:15 autoaim: id=13 missed=0 box=(208,177,319,476) tgt=(284,245) crosshair=(320,240) err=(-0.11,+0.02) rate=(-0.04,+0.10) pos pan=+0.05 tilt=-0.45
21:24:15 detect: 640x480 dets=1 tracks=2 [#13 c=(264,331) miss=0 age=254 #17 c=(318,393) miss=3 age=1]
21:24:15 detect: 640x480 dets=1 tracks=2 [#13 c=(258,335) miss=0 age=255 #17 c=(318,393) miss=4 age=1]
21:24:15 autoaim: id=13 missed=0 box=(208,193,309,477) tgt=(269,256) crosshair=(320,240) err=(-0.16,+0.07) rate=(-0.15,+0.17) pos pan=+0.14 tilt=-0.43
21:24:15 detect: 640x480 dets=1 tracks=2 [#13 c=(252,338) miss=0 age=256 #17 c=(318,393) miss=5 age=1]
21:24:15 detect: 640x480 dets=1 tracks=2 [#13 c=(263,338) miss=0 age=257 #17 c=(318,393) miss=6 age=1]
21:24:15 detect: 640x480 dets=1 tracks=2 [#13 c=(284,342) miss=0 age=258 #17 c=(318,393) miss=7 age=1]
21:24:15 autoaim: id=13 missed=0 box=(243,208,325,477) tgt=(271,269) crosshair=(320,240) err=(-0.15,+0.12) rate=(+0.05,+0.17) pos pan=+0.26 tilt=-0.34
21:24:16 detect: 640x480 dets=1 tracks=2 [#13 c=(302,338) miss=0 age=259 #17 c=(318,393) miss=8 age=1]
21:24:16 detect: 640x480 dets=1 tracks=2 [#13 c=(324,332) miss=0 age=260 #17 c=(318,393) miss=9 age=1]
21:24:16 autoaim: id=13 missed=0 box=(277,188,371,476) tgt=(300,265) crosshair=(320,240) err=(-0.06,+0.11) rate=(+0.31,+0.00) pos pan=+0.27 tilt=-0.29
21:24:16 detect: 640x480 dets=1 tracks=2 [#13 c=(333,318) miss=0 age=261 #17 c=(318,393) miss=10 age=1]
21:24:16 detect: 640x480 dets=1 tracks=2 [#13 c=(332,310) miss=0 age=262 #17 c=(318,393) miss=11 age=1]
21:24:16 autoaim: id=13 missed=0 box=(291,152,374,469) tgt=(321,246) crosshair=(320,240) err=(+0.00,+0.03) rate=(+0.32,-0.28) pos pan=+0.27 tilt=-0.28
21:24:16 detect: 640x480 dets=1 tracks=2 [#13 c=(329,313) miss=0 age=263 #17 c=(318,393) miss=12 age=1]
21:24:16 detect: 640x480 dets=1 tracks=2 [#13 c=(331,309) miss=0 age=264 #17 c=(318,393) miss=13 age=1]
21:24:16 autoaim: id=13 missed=0 box=(289,158,373,460) tgt=(327,239) crosshair=(320,240) err=(+0.02,-0.01) rate=(+0.18,-0.20) pos pan=+0.27 tilt=-0.28
21:24:16 detect: 640x480 dets=1 tracks=2 [#13 c=(330,313) miss=0 age=265 #17 c=(318,393) miss=14 age=1]
21:24:16 detect: 640x480 dets=1 tracks=2 [#13 c=(331,315) miss=0 age=266 #17 c=(318,393) miss=15 age=1]
21:24:16 autoaim: id=13 missed=0 box=(295,169,368,461) tgt=(329,240) crosshair=(320,240) err=(+0.03,+0.00) rate=(+0.09,-0.05) pos pan=+0.27 tilt=-0.28
21:24:16 detect: 640x480 dets=1 tracks=1 [#13 c=(332,315) miss=0 age=267]
21:24:16 detect: 640x480 dets=1 tracks=1 [#13 c=(333,315) miss=0 age=268]
21:24:17 autoaim: id=13 missed=0 box=(297,174,369,457) tgt=(331,243) crosshair=(320,240) err=(+0.04,+0.01) rate=(+0.05,+0.02) pos pan=+0.27 tilt=-0.28
21:24:17 detect: 640x480 dets=1 tracks=1 [#13 c=(333,317) miss=0 age=269]
21:24:17 detect: 640x480 dets=1 tracks=1 [#13 c=(335,319) miss=0 age=270]
21:24:17 autoaim: id=13 missed=0 box=(301,179,369,459) tgt=(333,246) crosshair=(320,240) err=(+0.04,+0.02) rate=(+0.04,+0.06) pos pan=+0.27 tilt=-0.28
21:24:17 detect: 640x480 dets=1 tracks=1 [#13 c=(337,319) miss=0 age=271]
21:24:17 detect: 640x480 dets=1 tracks=1 [#13 c=(338,320) miss=0 age=272]
21:24:17 autoaim: id=13 missed=0 box=(307,181,369,459) tgt=(336,249) crosshair=(320,240) err=(+0.05,+0.04) rate=(+0.04,+0.06) pos pan=+0.26 tilt=-0.28
21:24:17 detect: 640x480 dets=1 tracks=1 [#13 c=(338,318) miss=0 age=273]
21:24:17 detect: 640x480 dets=1 tracks=1 [#13 c=(337,321) miss=0 age=274]
21:24:17 detect: 640x480 dets=1 tracks=1 [#13 c=(331,322) miss=0 age=275]
21:24:17 autoaim: id=13 missed=0 box=(300,186,363,458) tgt=(335,252) crosshair=(320,240) err=(+0.05,+0.05) rate=(-0.02,+0.06) pos pan=+0.23 tilt=-0.27
21:24:17 detect: 640x480 dets=1 tracks=1 [#13 c=(325,322) miss=0 age=276]
21:24:17 autoaim: id=13 missed=0 box=(292,186,358,458) tgt=(331,253) crosshair=(320,240) err=(+0.03,+0.05) rate=(-0.05,+0.05) pos pan=+0.23 tilt=-0.26
21:24:17 detect: 640x480 dets=1 tracks=1 [#13 c=(318,318) miss=0 age=277]
21:24:17 detect: 640x480 dets=1 tracks=1 [#13 c=(317,318) miss=0 age=278]
21:24:18 detect: 640x480 dets=1 tracks=1 [#13 c=(317,315) miss=0 age=279]
21:24:18 autoaim: id=13 missed=0 box=(285,181,349,450) tgt=(320,250) crosshair=(320,240) err=(+0.00,+0.04) rate=(-0.09,-0.02) pos pan=+0.23 tilt=-0.24
21:24:18 detect: 640x480 dets=1 tracks=1 [#13 c=(317,308) miss=0 age=280]
21:24:18 detect: 640x480 dets=1 tracks=1 [#13 c=(317,310) miss=0 age=281]
21:24:18 autoaim: id=13 missed=0 box=(285,177,349,444) tgt=(318,246) crosshair=(320,240) err=(-0.01,+0.02) rate=(-0.05,-0.06) pos pan=+0.23 tilt=-0.24
21:24:18 detect: 640x480 dets=1 tracks=1 [#13 c=(316,310) miss=0 age=282]
21:24:18 detect: 640x480 dets=1 tracks=1 [#13 c=(318,307) miss=0 age=283]
21:24:18 autoaim: id=13 missed=0 box=(287,175,350,439) tgt=(318,243) crosshair=(320,240) err=(-0.01,+0.01) rate=(-0.02,-0.06) pos pan=+0.23 tilt=-0.24
21:24:18 detect: 640x480 dets=1 tracks=1 [#13 c=(319,306) miss=0 age=284]
21:24:18 detect: 640x480 dets=1 tracks=1 [#13 c=(318,309) miss=0 age=285]
21:24:18 autoaim: id=13 missed=0 box=(288,176,349,442) tgt=(318,242) crosshair=(320,240) err=(-0.00,+0.01) rate=(-0.00,-0.03) pos pan=+0.23 tilt=-0.24
21:24:18 detect: 640x480 dets=1 tracks=1 [#13 c=(319,308) miss=0 age=286]
21:24:18 detect: 640x480 dets=1 tracks=1 [#13 c=(318,308) miss=0 age=287]
21:24:18 autoaim: id=13 missed=0 box=(287,176,350,441) tgt=(319,242) crosshair=(320,240) err=(-0.00,+0.01) rate=(+0.00,-0.01) pos pan=+0.23 tilt=-0.24
21:24:18 detect: 640x480 dets=1 tracks=1 [#13 c=(318,308) miss=0 age=288]
21:24:19 detect: 640x480 dets=1 tracks=1 [#13 c=(317,308) miss=0 age=289]
21:24:19 autoaim: id=13 missed=0 box=(285,175,350,441) tgt=(318,242) crosshair=(320,240) err=(-0.01,+0.01) rate=(-0.01,-0.01) pos pan=+0.23 tilt=-0.24
21:24:19 detect: 640x480 dets=1 tracks=1 [#13 c=(317,308) miss=0 age=290]
21:24:19 detect: 640x480 dets=1 tracks=1 [#13 c=(314,307) miss=0 age=291]
21:24:19 autoaim: id=13 missed=0 box=(282,174,347,440) tgt=(316,241) crosshair=(320,240) err=(-0.01,+0.01) rate=(-0.02,-0.01) pos pan=+0.23 tilt=-0.24
21:24:19 detect: 640x480 dets=1 tracks=1 [#13 c=(313,305) miss=0 age=292]
21:24:19 detect: 640x480 dets=1 tracks=1 [#13 c=(311,308) miss=0 age=293]
21:24:19 autoaim: id=13 missed=0 box=(280,175,343,442) tgt=(314,241) crosshair=(320,240) err=(-0.02,+0.00) rate=(-0.03,-0.00) pos pan=+0.23 tilt=-0.24
21:24:19 detect: 640x480 dets=1 tracks=1 [#13 c=(310,307) miss=0 age=294]
21:24:19 detect: 640x480 dets=1 tracks=1 [#13 c=(311,307) miss=0 age=295]
21:24:19 detect: 640x480 dets=1 tracks=1 [#13 c=(311,308) miss=0 age=296]
21:24:19 autoaim: id=13 missed=0 box=(279,176,343,441) tgt=(312,242) crosshair=(320,240) err=(-0.03,+0.01) rate=(-0.02,+0.01) pos pan=+0.23 tilt=-0.24
21:24:19 detect: 640x480 dets=1 tracks=1 [#13 c=(310,303) miss=0 age=297]
21:24:19 detect: 640x480 dets=1 tracks=1 [#13 c=(310,307) miss=0 age=298]
21:24:19 autoaim: id=13 missed=0 box=(279,176,342,439) tgt=(311,241) crosshair=(320,240) err=(-0.03,+0.00) rate=(-0.01,-0.00) pos pan=+0.23 tilt=-0.24
21:24:20 detect: 640x480 dets=1 tracks=1 [#13 c=(310,307) miss=0 age=299]
21:24:20 detect: 640x480 dets=1 tracks=1 [#13 c=(312,306) miss=0 age=300]
21:24:20 autoaim: id=13 missed=0 box=(280,173,344,440) tgt=(311,240) crosshair=(320,240) err=(-0.03,+0.00) rate=(+0.00,-0.01) pos pan=+0.23 tilt=-0.24
21:24:20 detect: 640x480 dets=1 tracks=1 [#13 c=(310,309) miss=0 age=301]
21:24:20 autoaim: id=13 missed=0 box=(279,177,342,441) tgt=(311,241) crosshair=(320,240) err=(-0.03,+0.01) rate=(-0.00,+0.00) pos pan=+0.23 tilt=-0.24
21:24:20 detect: 640x480 dets=1 tracks=1 [#13 c=(311,307) miss=0 age=302]
21:24:20 detect: 640x480 dets=1 tracks=1 [#13 c=(313,312) miss=0 age=303]
21:24:20 autoaim: id=13 missed=0 box=(280,180,346,445) tgt=(312,243) crosshair=(320,240) err=(-0.03,+0.01) rate=(+0.01,+0.03) pos pan=+0.23 tilt=-0.24
21:24:20 detect: 640x480 dets=1 tracks=1 [#13 c=(312,307) miss=0 age=304]
21:24:20 detect: 640x480 dets=1 tracks=1 [#13 c=(312,309) miss=0 age=305]
21:24:20 autoaim: id=13 missed=0 box=(280,178,344,440) tgt=(312,243) crosshair=(320,240) err=(-0.03,+0.01) rate=(+0.00,+0.01) pos pan=+0.23 tilt=-0.24
21:24:20 detect: 640x480 dets=1 tracks=1 [#13 c=(312,308) miss=0 age=306]
21:24:20 detect: 640x480 dets=1 tracks=1 [#13 c=(312,307) miss=0 age=307]
21:24:21 autoaim: id=13 missed=0 box=(280,177,345,438) tgt=(312,243) crosshair=(320,240) err=(-0.02,+0.01) rate=(+0.00,-0.00) pos pan=+0.23 tilt=-0.24
21:24:21 detect: 640x480 dets=1 tracks=1 [#13 c=(313,307) miss=0 age=308]
21:24:21 detect: 640x480 dets=1 tracks=1 [#13 c=(314,309) miss=0 age=309]
21:24:21 autoaim: id=13 missed=0 box=(282,176,347,442) tgt=(313,242) crosshair=(320,240) err=(-0.02,+0.01) rate=(+0.01,-0.00) pos pan=+0.23 tilt=-0.24
21:24:21 detect: 640x480 dets=1 tracks=1 [#13 c=(318,306) miss=0 age=310]
21:24:21 detect: 640x480 dets=1 tracks=1 [#13 c=(319,308) miss=0 age=311]
21:24:21 autoaim: id=13 missed=0 box=(286,182,352,435) tgt=(317,243) crosshair=(320,240) err=(-0.01,+0.01) rate=(+0.04,+0.02) pos pan=+0.23 tilt=-0.24
21:24:21 detect: 640x480 dets=1 tracks=1 [#13 c=(318,308) miss=0 age=312]
21:24:21 detect: 640x480 dets=1 tracks=1 [#13 c=(318,311) miss=0 age=313]
21:24:21 detect: 640x480 dets=1 tracks=1 [#13 c=(324,310) miss=0 age=314]
21:24:21 autoaim: id=13 missed=0 box=(299,185,349,436) tgt=(320,246) crosshair=(320,240) err=(+0.00,+0.03) rate=(+0.05,+0.04) pos pan=+0.23 tilt=-0.24
21:24:21 detect: 640x480 dets=0 tracks=1 [#13 c=(324,310) miss=1 age=314]
21:24:21 detect: 640x480 dets=0 tracks=1 [#13 c=(324,310) miss=2 age=314]
21:24:21 autoaim: id=13 missed=2 box=(299,185,349,436) tgt=(320,246) crosshair=(320,240) err=(+0.00,+0.03) rate=(+0.05,+0.04) pos pan=+0.23 tilt=-0.24
21:24:21 detect: 640x480 dets=0 tracks=1 [#13 c=(324,310) miss=3 age=314]
21:24:22 detect: 640x480 dets=0 tracks=1 [#13 c=(324,310) miss=4 age=314]
21:24:22 autoaim: id=13 missed=4 box=(299,185,349,436) tgt=(320,246) crosshair=(320,240) err=(+0.00,+0.03) rate=(+0.05,+0.04) pos pan=+0.23 tilt=-0.24
21:24:22 detect: 640x480 dets=0 tracks=1 [#13 c=(324,310) miss=5 age=314]
21:24:22 autoaim: id=13 missed=5 box=(299,185,349,436) tgt=(320,246) crosshair=(320,240) err=(+0.00,+0.03) rate=(+0.05,+0.04) pos pan=+0.23 tilt=-0.24
21:24:22 detect: 640x480 dets=0 tracks=1 [#13 c=(324,310) miss=6 age=314]
21:24:22 detect: 640x480 dets=0 tracks=1 [#13 c=(324,310) miss=7 age=314]
21:24:22 autoaim: id=13 missed=7 box=(299,185,349,436) tgt=(320,246) crosshair=(320,240) err=(+0.00,+0.03) rate=(+0.05,+0.04) pos pan=+0.23 tilt=-0.24
21:24:22 detect: 640x480 dets=0 tracks=1 [#13 c=(324,310) miss=8 age=314]
21:24:22 detect: 640x480 dets=0 tracks=1 [#13 c=(324,310) miss=9 age=314]
21:24:22 autoaim: id=13 missed=9 box=(299,185,349,436) tgt=(320,246) crosshair=(320,240) err=(+0.00,+0.03) rate=(+0.05,+0.04) pos pan=+0.23 tilt=-0.24
21:24:22 detect: 640x480 dets=0 tracks=1 [#13 c=(324,310) miss=10 age=314]
21:24:22 detect: 640x480 dets=0 tracks=1 [#13 c=(324,310) miss=11 age=314]
21:24:22 autoaim: id=13 missed=11 box=(299,185,349,436) tgt=(320,246) crosshair=(320,240) err=(+0.00,+0.03) rate=(+0.05,+0.04) pos pan=+0.23 tilt=-0.24
21:24:22 detect: 640x480 dets=0 tracks=1 [#13 c=(324,310) miss=12 age=314]
21:24:23 detect: 640x480 dets=0 tracks=1 [#13 c=(324,310) miss=13 age=314]
21:24:23 autoaim: id=13 missed=13 box=(299,185,349,436) tgt=(320,246) crosshair=(320,240) err=(+0.00,+0.03) rate=(+0.05,+0.04) pos pan=+0.23 tilt=-0.24
21:24:23 detect: 640x480 dets=0 tracks=1 [#13 c=(324,310) miss=14 age=314]
21:24:23 detect: 640x480 dets=0 tracks=1 [#13 c=(324,310) miss=15 age=314]
21:24:23 autoaim: id=13 missed=15 box=(299,185,349,436) tgt=(320,246) crosshair=(320,240) err=(+0.00,+0.03) rate=(+0.05,+0.04) pos pan=+0.23 tilt=-0.24
21:24:23 detect: 640x480 dets=0 tracks=0 []
21:24:23 autoaim: lock LOST id=13 — track aged out of tracker (visible now=0)
21:24:23 detect: 640x480 dets=1 tracks=1 [#18 c=(30,376) miss=0 age=1]
21:24:23 detect: 640x480 dets=0 tracks=1 [#18 c=(30,376) miss=1 age=1]
21:24:23 detect: 640x480 dets=0 tracks=1 [#18 c=(30,376) miss=2 age=1]
21:24:23 detect: 640x480 dets=0 tracks=1 [#18 c=(30,376) miss=3 age=1]
21:24:23 detect: 640x480 dets=0 tracks=1 [#18 c=(30,376) miss=4 age=1]
21:24:23 detect: 640x480 dets=0 tracks=1 [#18 c=(30,376) miss=5 age=1]
21:24:24 detect: 640x480 dets=0 tracks=1 [#18 c=(30,376) miss=6 age=1]
21:24:24 detect: 640x480 dets=0 tracks=1 [#18 c=(30,376) miss=7 age=1]
21:24:24 detect: 640x480 dets=0 tracks=1 [#18 c=(30,376) miss=8 age=1]
21:24:24 detect: 640x480 dets=0 tracks=1 [#18 c=(30,376) miss=9 age=1]
21:24:24 detect: 640x480 dets=0 tracks=1 [#18 c=(30,376) miss=10 age=1]
21:24:24 detect: 640x480 dets=0 tracks=1 [#18 c=(30,376) miss=11 age=1]
21:24:24 detect: 640x480 dets=0 tracks=1 [#18 c=(30,376) miss=12 age=1]
21:24:24 detect: 640x480 dets=0 tracks=1 [#18 c=(30,376) miss=13 age=1]
21:24:24 detect: 640x480 dets=0 tracks=1 [#18 c=(30,376) miss=14 age=1]
21:24:24 detect: 640x480 dets=0 tracks=1 [#18 c=(30,376) miss=15 age=1]
21:24:25 detect: 640x480 dets=0 tracks=0 []
21:24:25 detect: 640x480 dets=1 tracks=1 [#19 c=(192,198) miss=0 age=1]
21:24:25 detect: 640x480 dets=1 tracks=1 [#19 c=(190,196) miss=0 age=2]
21:24:25 detect: 640x480 dets=0 tracks=1 [#19 c=(190,196) miss=1 age=2]
21:24:25 detect: 640x480 dets=1 tracks=1 [#19 c=(181,195) miss=0 age=3]
21:24:25 detect: 640x480 dets=1 tracks=1 [#19 c=(171,194) miss=0 age=4]
21:24:25 detect: 640x480 dets=1 tracks=1 [#19 c=(165,190) miss=0 age=5]
21:24:25 detect: 640x480 dets=0 tracks=1 [#19 c=(165,190) miss=1 age=5]
21:24:25 detect: 640x480 dets=1 tracks=1 [#19 c=(158,186) miss=0 age=6]
21:24:25 detect: 640x480 dets=0 tracks=1 [#19 c=(158,186) miss=1 age=6]
21:24:26 detect: 640x480 dets=0 tracks=1 [#19 c=(158,186) miss=2 age=6]
21:24:26 detect: 640x480 dets=1 tracks=1 [#19 c=(138,184) miss=0 age=7]
21:24:26 detect: 640x480 dets=1 tracks=1 [#19 c=(135,184) miss=0 age=8]
21:24:26 detect: 640x480 dets=1 tracks=1 [#19 c=(134,182) miss=0 age=9]
21:24:26 detect: 640x480 dets=1 tracks=1 [#19 c=(130,186) miss=0 age=10]
21:24:26 detect: 640x480 dets=0 tracks=1 [#19 c=(130,186) miss=1 age=10]
21:24:26 detect: 640x480 dets=1 tracks=1 [#19 c=(128,186) miss=0 age=11]
21:24:26 detect: 640x480 dets=0 tracks=1 [#19 c=(128,186) miss=1 age=11]
21:24:26 detect: 640x480 dets=0 tracks=1 [#19 c=(128,186) miss=2 age=11]
21:24:27 detect: 640x480 dets=0 tracks=1 [#19 c=(128,186) miss=3 age=11]
21:24:27 detect: 640x480 dets=0 tracks=1 [#19 c=(128,186) miss=4 age=11]
21:24:27 detect: 640x480 dets=0 tracks=1 [#19 c=(128,186) miss=5 age=11]
21:24:27 detect: 640x480 dets=0 tracks=1 [#19 c=(128,186) miss=6 age=11]
21:24:27 detect: 640x480 dets=0 tracks=1 [#19 c=(128,186) miss=7 age=11]
21:24:27 detect: 640x480 dets=1 tracks=1 [#19 c=(129,183) miss=0 age=12]
21:24:27 detect: 640x480 dets=0 tracks=1 [#19 c=(129,183) miss=1 age=12]
21:24:27 detect: 640x480 dets=1 tracks=1 [#19 c=(130,184) miss=0 age=13]
21:24:27 detect: 640x480 dets=0 tracks=1 [#19 c=(130,184) miss=1 age=13]
21:24:27 detect: 640x480 dets=0 tracks=1 [#19 c=(130,184) miss=2 age=13]
21:24:28 detect: 640x480 dets=0 tracks=1 [#19 c=(130,184) miss=3 age=13]
21:24:28 detect: 640x480 dets=0 tracks=1 [#19 c=(130,184) miss=4 age=13]
21:24:28 detect: 640x480 dets=0 tracks=1 [#19 c=(130,184) miss=5 age=13]
21:24:28 detect: 640x480 dets=0 tracks=1 [#19 c=(130,184) miss=6 age=13]
21:24:28 detect: 640x480 dets=0 tracks=1 [#19 c=(130,184) miss=7 age=13]
21:24:28 detect: 640x480 dets=0 tracks=1 [#19 c=(130,184) miss=8 age=13]
21:24:28 detect: 640x480 dets=0 tracks=1 [#19 c=(130,184) miss=9 age=13]
21:24:28 detect: 640x480 dets=0 tracks=1 [#19 c=(130,184) miss=10 age=13]
21:24:28 detect: 640x480 dets=0 tracks=1 [#19 c=(130,184) miss=11 age=13]
21:24:28 detect: 640x480 dets=0 tracks=1 [#19 c=(130,184) miss=12 age=13]
21:24:29 detect: 640x480 dets=0 tracks=1 [#19 c=(130,184) miss=13 age=13]
21:24:29 detect: 640x480 dets=1 tracks=1 [#19 c=(132,184) miss=0 age=14]
21:24:29 detect: 640x480 dets=0 tracks=1 [#19 c=(132,184) miss=1 age=14]
21:24:29 detect: 640x480 dets=1 tracks=1 [#19 c=(135,183) miss=0 age=15]
21:24:29 detect: 640x480 dets=1 tracks=1 [#19 c=(140,184) miss=0 age=16]
21:24:29 detect: 640x480 dets=1 tracks=1 [#19 c=(142,185) miss=0 age=17]
21:24:29 detect: 640x480 dets=1 tracks=1 [#19 c=(144,187) miss=0 age=18]
21:24:29 detect: 640x480 dets=1 tracks=1 [#19 c=(148,185) miss=0 age=19]
21:24:29 autoaim: lock acquired id=19 (lock button, visible=1)
21:24:29 autoaim: id=19 missed=0 box=(113,41,183,330) tgt=(320,246) crosshair=(320,240) err=(+0.00,+0.03) rate=(+0.00,+0.00) pos pan=+0.01 tilt=-0.01
21:24:29 detect: 640x480 dets=1 tracks=1 [#19 c=(151,181) miss=0 age=20]
21:24:29 detect: 640x480 dets=1 tracks=1 [#19 c=(155,185) miss=0 age=21]
21:24:30 autoaim: id=19 missed=0 box=(122,42,189,328) tgt=(153,110) crosshair=(320,240) err=(-0.52,-0.54) rate=(+0.02,+0.04) pos pan=+0.15 tilt=-0.16
21:24:30 detect: 640x480 dets=1 tracks=1 [#19 c=(149,238) miss=0 age=22]
21:24:30 detect: 640x480 dets=1 tracks=1 [#19 c=(192,215) miss=0 age=23]
21:24:30 autoaim: id=19 missed=0 box=(159,63,226,367) tgt=(168,142) crosshair=(320,240) err=(-0.48,-0.41) rate=(+0.25,+0.26) pos pan=+0.34 tilt=-0.28
21:24:30 detect: 640x480 dets=1 tracks=1 [#19 c=(219,255) miss=0 age=24]
21:24:30 detect: 640x480 dets=1 tracks=1 [#19 c=(275,285) miss=0 age=25]
21:24:30 autoaim: id=19 missed=0 box=(241,143,310,427) tgt=(223,181) crosshair=(320,240) err=(-0.30,-0.25) rate=(+0.66,+0.61) pos pan=+0.44 tilt=-0.35
21:24:30 detect: 640x480 dets=1 tracks=1 [#19 c=(330,313) miss=0 age=26]
21:24:30 detect: 640x480 dets=1 tracks=1 [#19 c=(379,336) miss=0 age=27]
21:24:30 detect: 640x480 dets=1 tracks=1 [#19 c=(388,344) miss=0 age=28]
21:24:30 autoaim: id=19 missed=0 box=(353,211,424,478) tgt=(342,250) crosshair=(320,240) err=(+0.07,+0.04) rate=(+1.13,+0.90) pos pan=+0.36 tilt=-0.34
21:24:30 detect: 640x480 dets=1 tracks=1 [#19 c=(395,339) miss=0 age=29]
21:24:30 detect: 640x480 dets=1 tracks=1 [#19 c=(392,339) miss=0 age=30]
21:24:30 autoaim: id=19 missed=0 box=(359,202,426,476) tgt=(375,263) crosshair=(320,240) err=(+0.17,+0.10) rate=(+0.69,+0.48) pos pan=+0.21 tilt=-0.24
21:24:30 detect: 640x480 dets=1 tracks=1 [#19 c=(349,335) miss=0 age=31]
21:24:31 detect: 640x480 dets=1 tracks=1 [#19 c=(315,324) miss=0 age=32]
21:24:31 autoaim: id=19 missed=0 box=(279,183,351,466) tgt=(345,261) crosshair=(320,240) err=(+0.08,+0.09) rate=(-0.20,+0.07) pos pan=+0.16 tilt=-0.19
21:24:31 detect: 640x480 dets=1 tracks=1 [#19 c=(266,303) miss=0 age=33]
21:24:31 detect: 640x480 dets=1 tracks=1 [#19 c=(253,288) miss=0 age=34]
21:24:31 autoaim: id=19 missed=0 box=(218,147,289,430) tgt=(290,237) crosshair=(320,240) err=(-0.10,-0.01) rate=(-0.53,-0.25) pos pan=+0.22 tilt=-0.19
21:24:31 detect: 640x480 dets=1 tracks=1 [#19 c=(239,276) miss=0 age=35]
21:24:31 detect: 640x480 dets=1 tracks=1 [#19 c=(240,275) miss=0 age=36]
21:24:31 autoaim: id=19 missed=0 box=(206,130,275,420) tgt=(258,215) crosshair=(320,240) err=(-0.19,-0.10) rate=(-0.49,-0.36) pos pan=+0.34 tilt=-0.26
21:24:31 detect: 640x480 dets=1 tracks=1 [#19 c=(266,279) miss=0 age=37]
21:24:31 detect: 640x480 dets=1 tracks=1 [#19 c=(292,286) miss=0 age=38]
21:24:31 autoaim: id=19 missed=0 box=(257,143,328,429) tgt=(274,213) crosshair=(320,240) err=(-0.14,-0.11) rate=(-0.01,-0.16) pos pan=+0.41 tilt=-0.33
21:24:31 detect: 640x480 dets=1 tracks=1 [#19 c=(341,310) miss=0 age=39]
21:24:31 detect: 640x480 dets=1 tracks=1 [#19 c=(358,320) miss=0 age=40]
21:24:31 autoaim: id=19 missed=0 box=(322,180,394,461) tgt=(324,234) crosshair=(320,240) err=(+0.01,-0.03) rate=(+0.59,+0.28) pos pan=+0.40 tilt=-0.33
21:24:32 detect: 640x480 dets=1 tracks=1 [#19 c=(380,340) miss=0 age=41]
21:24:32 autoaim: id=19 missed=0 box=(345,205,416,475) tgt=(346,249) crosshair=(320,240) err=(+0.08,+0.04) rate=(+0.48,+0.29) pos pan=+0.32 tilt=-0.33
21:24:32 detect: 640x480 dets=1 tracks=1 [#19 c=(381,335) miss=0 age=42]
21:24:32 detect: 640x480 dets=1 tracks=1 [#19 c=(380,337) miss=0 age=43]
21:24:32 autoaim: id=19 missed=0 box=(345,201,416,473) tgt=(368,262) crosshair=(320,240) err=(+0.15,+0.09) rate=(+0.38,+0.26) pos pan=+0.22 tilt=-0.27
21:24:32 detect: 640x480 dets=1 tracks=1 [#19 c=(339,337) miss=0 age=44]
21:24:32 detect: 640x480 dets=1 tracks=1 [#19 c=(295,331) miss=0 age=45]
21:24:32 autoaim: id=19 missed=0 box=(261,192,330,470) tgt=(332,263) crosshair=(320,240) err=(+0.04,+0.10) rate=(-0.33,+0.09) pos pan=+0.18 tilt=-0.22
21:24:32 detect: 640x480 dets=1 tracks=1 [#19 c=(274,317) miss=0 age=46]
21:24:32 detect: 640x480 dets=1 tracks=1 [#19 c=(250,299) miss=0 age=47]
21:24:32 detect: 640x480 dets=2 tracks=2 [#19 c=(250,288) miss=0 age=48 #20 c=(30,381) miss=0 age=1]
21:24:32 autoaim: id=19 missed=0 box=(214,147,286,430) tgt=(271,234) crosshair=(320,240) err=(-0.15,-0.02) rate=(-0.55,-0.34) pos pan=+0.29 tilt=-0.20
21:24:32 detect: 640x480 dets=1 tracks=2 [#19 c=(250,283) miss=0 age=49 #20 c=(30,381) miss=1 age=1]
21:24:32 autoaim: id=19 missed=0 box=(215,139,285,427) tgt=(263,225) crosshair=(320,240) err=(-0.18,-0.06) rate=(-0.44,-0.36) pos pan=+0.34 tilt=-0.23
21:24:32 detect: 640x480 dets=1 tracks=2 [#19 c=(261,281) miss=0 age=50 #20 c=(30,381) miss=2 age=1]
21:24:33 detect: 640x480 dets=1 tracks=2 [#19 c=(306,287) miss=0 age=51 #20 c=(30,381) miss=3 age=1]
21:24:33 detect: 640x480 dets=1 tracks=2 [#19 c=(341,295) miss=0 age=52 #20 c=(30,381) miss=4 age=1]
21:24:33 autoaim: id=19 missed=0 box=(306,154,377,437) tgt=(305,220) crosshair=(320,240) err=(-0.05,-0.08) rate=(+0.37,-0.07) pos pan=+0.42 tilt=-0.32
21:24:33 detect: 640x480 dets=1 tracks=2 [#19 c=(366,316) miss=0 age=53 #20 c=(30,381) miss=5 age=1]
21:24:33 detect: 640x480 dets=1 tracks=2 [#19 c=(385,320) miss=0 age=54 #20 c=(30,381) miss=6 age=1]
21:24:33 autoaim: id=19 missed=0 box=(349,183,421,458) tgt=(351,239) crosshair=(320,240) err=(+0.10,-0.01) rate=(+0.65,+0.25) pos pan=+0.37 tilt=-0.32
21:24:33 detect: 640x480 dets=1 tracks=2 [#19 c=(371,331) miss=0 age=55 #20 c=(30,381) miss=7 age=1]
21:24:33 autoaim: id=19 missed=0 box=(336,192,407,470) tgt=(359,248) crosshair=(320,240) err=(+0.12,+0.03) rate=(+0.43,+0.21) pos pan=+0.26 tilt=-0.32
21:24:33 detect: 640x480 dets=1 tracks=2 [#19 c=(361,325) miss=0 age=56 #20 c=(30,381) miss=8 age=1]
21:24:33 detect: 640x480 dets=1 tracks=2 [#19 c=(355,328) miss=0 age=57 #20 c=(30,381) miss=9 age=1]
21:24:33 autoaim: id=19 missed=0 box=(322,191,388,466) tgt=(358,255) crosshair=(320,240) err=(+0.12,+0.06) rate=(+0.14,+0.17) pos pan=+0.20 tilt=-0.29
21:24:33 detect: 640x480 dets=1 tracks=2 [#19 c=(308,327) miss=0 age=58 #20 c=(30,381) miss=10 age=1]
21:24:33 detect: 640x480 dets=1 tracks=2 [#19 c=(293,327) miss=0 age=59 #20 c=(30,381) miss=11 age=1]
21:24:33 autoaim: id=19 missed=0 box=(258,186,328,468) tgt=(320,256) crosshair=(320,240) err=(+0.00,+0.07) rate=(-0.38,+0.08) pos pan=+0.20 tilt=-0.26
21:24:34 detect: 640x480 dets=1 tracks=2 [#19 c=(260,317) miss=0 age=60 #20 c=(30,381) miss=12 age=1]
21:24:34 detect: 640x480 dets=1 tracks=2 [#19 c=(257,306) miss=0 age=61 #20 c=(30,381) miss=13 age=1]
21:24:34 autoaim: id=19 missed=0 box=(222,165,292,448) tgt=(280,246) crosshair=(320,240) err=(-0.12,+0.02) rate=(-0.52,-0.12) pos pan=+0.29 tilt=-0.25
21:24:34 detect: 640x480 dets=1 tracks=2 [#19 c=(258,303) miss=0 age=62 #20 c=(30,381) miss=14 age=1]
21:24:34 detect: 640x480 dets=1 tracks=2 [#19 c=(276,304) miss=0 age=63 #20 c=(30,381) miss=15 age=1]
21:24:34 autoaim: id=19 missed=0 box=(242,161,311,448) tgt=(274,237) crosshair=(320,240) err=(-0.15,-0.01) rate=(-0.23,-0.15) pos pan=+0.38 tilt=-0.25
21:24:34 detect: 640x480 dets=1 tracks=1 [#19 c=(299,306) miss=0 age=64]
21:24:34 detect: 640x480 dets=1 tracks=1 [#19 c=(346,304) miss=0 age=65]
21:24:34 autoaim: id=19 missed=0 box=(310,161,383,447) tgt=(309,235) crosshair=(320,240) err=(-0.03,-0.02) rate=(+0.36,-0.09) pos pan=+0.41 tilt=-0.25
21:24:34 detect: 640x480 dets=1 tracks=1 [#19 c=(359,301) miss=0 age=66]
21:24:34 detect: 640x480 dets=1 tracks=1 [#19 c=(382,303) miss=0 age=67]
21:24:34 autoaim: id=19 missed=0 box=(347,162,418,445) tgt=(351,233) crosshair=(320,240) err=(+0.10,-0.03) rate=(+0.60,-0.05) pos pan=+0.37 tilt=-0.25
21:24:34 detect: 640x480 dets=1 tracks=1 [#19 c=(381,304) miss=0 age=68]
21:24:35 autoaim: id=19 missed=0 box=(345,162,417,446) tgt=(363,233) crosshair=(320,240) err=(+0.13,-0.03) rate=(+0.43,-0.03) pos pan=+0.26 tilt=-0.25
21:24:35 detect: 640x480 dets=1 tracks=1 [#19 c=(357,302) miss=0 age=69]
21:24:35 detect: 640x480 dets=1 tracks=1 [#19 c=(335,307) miss=0 age=70]
21:24:35 detect: 640x480 dets=1 tracks=1 [#19 c=(305,299) miss=0 age=71]
21:24:35 autoaim: id=19 missed=0 box=(271,157,340,442) tgt=(332,232) crosshair=(320,240) err=(+0.04,-0.03) rate=(-0.23,-0.03) pos pan=+0.21 tilt=-0.25
21:24:35 detect: 640x480 dets=1 tracks=1 [#19 c=(280,305) miss=0 age=72]
21:24:35 autoaim: id=19 missed=0 box=(246,162,314,449) tgt=(311,233) crosshair=(320,240) err=(-0.03,-0.03) rate=(-0.40,-0.01) pos pan=+0.21 tilt=-0.25
21:24:35 detect: 640x480 dets=1 tracks=1 [#19 c=(265,299) miss=0 age=73]
21:24:35 detect: 640x480 dets=1 tracks=1 [#19 c=(262,301) miss=0 age=74]
21:24:35 detect: 640x480 dets=1 tracks=1 [#19 c=(262,299) miss=0 age=75]
21:24:35 autoaim: id=19 missed=0 box=(228,159,297,439) tgt=(273,230) crosshair=(320,240) err=(-0.15,-0.04) rate=(-0.36,-0.02) pos pan=+0.34 tilt=-0.25
21:24:35 detect: 640x480 dets=1 tracks=1 [#19 c=(310,303) miss=0 age=76]
21:24:35 autoaim: id=19 missed=0 box=(275,163,346,444) tgt=(288,231) crosshair=(320,240) err=(-0.10,-0.04) rate=(-0.12,-0.00) pos pan=+0.39 tilt=-0.25
21:24:35 detect: 640x480 dets=1 tracks=1 [#19 c=(335,305) miss=0 age=77]
21:24:36 detect: 640x480 dets=1 tracks=1 [#19 c=(341,304) miss=0 age=78]
21:24:36 autoaim: id=19 missed=0 box=(306,164,376,445) tgt=(321,233) crosshair=(320,240) err=(+0.00,-0.03) rate=(+0.24,+0.02) pos pan=+0.39 tilt=-0.25
21:24:36 detect: 640x480 dets=2 tracks=2 [#19 c=(361,306) miss=0 age=79 #21 c=(32,360) miss=0 age=1]
21:24:36 detect: 640x480 dets=1 tracks=2 [#19 c=(369,303) miss=0 age=80 #21 c=(32,360) miss=1 age=1]
21:24:36 autoaim: id=19 missed=0 box=(332,164,406,443) tgt=(350,234) crosshair=(320,240) err=(+0.09,-0.02) rate=(+0.37,+0.02) pos pan=+0.32 tilt=-0.25
21:24:36 detect: 640x480 dets=1 tracks=2 [#19 c=(366,304) miss=0 age=81 #21 c=(32,360) miss=2 age=1]
21:24:36 detect: 640x480 dets=1 tracks=2 [#19 c=(359,306) miss=0 age=82 #21 c=(32,360) miss=3 age=1]
21:24:36 autoaim: id=19 missed=0 box=(324,162,395,450) tgt=(358,234) crosshair=(320,240) err=(+0.12,-0.03) rate=(+0.21,+0.01) pos pan=+0.26 tilt=-0.25
21:24:36 detect: 640x480 dets=1 tracks=2 [#19 c=(328,305) miss=0 age=83 #21 c=(32,360) miss=4 age=1]
21:24:36 detect: 640x480 dets=1 tracks=2 [#19 c=(317,300) miss=0 age=84 #21 c=(32,360) miss=5 age=1]
21:24:36 autoaim: id=19 missed=0 box=(282,159,353,441) tgt=(335,232) crosshair=(320,240) err=(+0.05,-0.03) rate=(-0.12,-0.02) pos pan=+0.24 tilt=-0.25
21:24:36 detect: 640x480 dets=1 tracks=2 [#19 c=(289,298) miss=0 age=85 #21 c=(32,360) miss=6 age=1]
21:24:36 detect: 640x480 dets=1 tracks=2 [#19 c=(284,301) miss=0 age=86 #21 c=(32,360) miss=7 age=1]
21:24:36 autoaim: id=19 missed=0 box=(248,159,320,443) tgt=(304,230) crosshair=(320,240) err=(-0.05,-0.04) rate=(-0.37,-0.03) pos pan=+0.27 tilt=-0.25
21:24:36 detect: 640x480 dets=1 tracks=2 [#19 c=(283,303) miss=0 age=87 #21 c=(32,360) miss=8 age=1]
21:24:37 detect: 640x480 dets=1 tracks=2 [#19 c=(283,299) miss=0 age=88 #21 c=(32,360) miss=9 age=1]
21:24:37 autoaim: id=19 missed=0 box=(248,159,319,440) tgt=(291,230) crosshair=(320,240) err=(-0.09,-0.04) rate=(-0.25,-0.02) pos pan=+0.33 tilt=-0.25
21:24:37 detect: 640x480 dets=1 tracks=2 [#19 c=(306,303) miss=0 age=89 #21 c=(32,360) miss=10 age=1]
21:24:37 detect: 640x480 dets=1 tracks=2 [#19 c=(318,301) miss=0 age=90 #21 c=(32,360) miss=11 age=1]
21:24:37 autoaim: id=19 missed=0 box=(283,161,354,442) tgt=(305,231) crosshair=(320,240) err=(-0.05,-0.04) rate=(+0.09,+0.00) pos pan=+0.36 tilt=-0.25
21:24:37 detect: 640x480 dets=1 tracks=2 [#19 c=(332,305) miss=0 age=91 #21 c=(32,360) miss=12 age=1]
21:24:37 detect: 640x480 dets=1 tracks=2 [#19 c=(349,302) miss=0 age=92 #21 c=(32,360) miss=13 age=1]
21:24:37 autoaim: id=19 missed=0 box=(312,163,386,442) tgt=(329,233) crosshair=(320,240) err=(+0.03,-0.03) rate=(+0.26,+0.01) pos pan=+0.36 tilt=-0.25
21:24:37 detect: 640x480 dets=1 tracks=2 [#19 c=(349,302) miss=0 age=93 #21 c=(32,360) miss=14 age=1]
21:24:37 autoaim: id=19 missed=0 box=(312,160,386,444) tgt=(337,232) crosshair=(320,240) err=(+0.05,-0.03) rate=(+0.31,-0.01) pos pan=+0.34 tilt=-0.25
21:24:37 detect: 640x480 dets=1 tracks=2 [#19 c=(346,304) miss=0 age=94 #21 c=(32,360) miss=15 age=1]
21:24:37 detect: 640x480 dets=1 tracks=1 [#19 c=(342,302) miss=0 age=95]
21:24:37 autoaim: id=19 missed=0 box=(307,163,377,441) tgt=(341,233) crosshair=(320,240) err=(+0.07,-0.03) rate=(+0.13,-0.00) pos pan=+0.27 tilt=-0.25
21:24:37 detect: 640x480 dets=1 tracks=1 [#19 c=(330,304) miss=0 age=96]
21:24:38 detect: 640x480 dets=1 tracks=1 [#19 c=(310,302) miss=0 age=97]
21:24:38 detect: 640x480 dets=1 tracks=1 [#19 c=(294,301) miss=0 age=98]
21:24:38 autoaim: id=19 missed=0 box=(258,161,330,442) tgt=(313,232) crosshair=(320,240) err=(-0.02,-0.03) rate=(-0.27,-0.01) pos pan=+0.26 tilt=-0.25
21:24:38 autoaim: id=19 missed=0 box=(258,161,330,442) tgt=(313,232) crosshair=(320,240) err=(-0.02,-0.03) rate=(-0.27,-0.01) pos pan=+0.26 tilt=-0.25
21:24:38 detect: 640x480 dets=1 tracks=1 [#19 c=(293,299) miss=0 age=99]
21:24:38 detect: 640x480 dets=1 tracks=1 [#19 c=(293,304) miss=0 age=100]
21:24:38 autoaim: id=19 missed=0 box=(258,160,328,448) tgt=(300,231) crosshair=(320,240) err=(-0.06,-0.04) rate=(-0.19,+0.00) pos pan=+0.28 tilt=-0.25
21:24:38 detect: 640x480 dets=1 tracks=1 [#19 c=(292,303) miss=0 age=101]
21:24:38 detect: 640x480 dets=1 tracks=1 [#19 c=(292,299) miss=0 age=102]
21:24:38 autoaim: id=19 missed=0 box=(257,163,328,436) tgt=(295,231) crosshair=(320,240) err=(-0.08,-0.04) rate=(-0.12,+0.00) pos pan=+0.32 tilt=-0.25
21:24:38 detect: 640x480 dets=1 tracks=1 [#19 c=(302,305) miss=0 age=103]
21:24:38 detect: 640x480 dets=1 tracks=1 [#19 c=(316,302) miss=0 age=104]
21:24:38 detect: 640x480 dets=1 tracks=1 [#19 c=(325,301) miss=0 age=105]
21:24:38 autoaim: id=19 missed=0 box=(290,161,360,442) tgt=(313,232) crosshair=(320,240) err=(-0.02,-0.03) rate=(+0.15,-0.00) pos pan=+0.34 tilt=-0.25
21:24:39 detect: 640x480 dets=1 tracks=1 [#19 c=(333,302) miss=0 age=106]
21:24:39 autoaim: id=19 missed=0 box=(297,163,369,442) tgt=(321,232) crosshair=(320,240) err=(+0.00,-0.03) rate=(+0.13,+0.00) pos pan=+0.34 tilt=-0.25
21:24:39 detect: 640x480 dets=1 tracks=1 [#19 c=(333,304) miss=0 age=107]
21:24:39 detect: 640x480 dets=1 tracks=1 [#19 c=(332,304) miss=0 age=108]
21:24:39 autoaim: id=19 missed=0 box=(297,164,368,444) tgt=(329,233) crosshair=(320,240) err=(+0.03,-0.03) rate=(+0.12,+0.01) pos pan=+0.34 tilt=-0.25
21:24:39 detect: 640x480 dets=1 tracks=1 [#19 c=(333,304) miss=0 age=109]
21:24:39 detect: 640x480 dets=1 tracks=1 [#19 c=(332,305) miss=0 age=110]
21:24:39 autoaim: id=19 missed=0 box=(296,164,369,446) tgt=(331,234) crosshair=(320,240) err=(+0.04,-0.03) rate=(+0.07,+0.01) pos pan=+0.34 tilt=-0.25
21:24:39 detect: 640x480 dets=1 tracks=1 [#19 c=(333,301) miss=0 age=111]
21:24:39 detect: 640x480 dets=1 tracks=1 [#19 c=(333,307) miss=0 age=112]
21:24:39 autoaim: id=19 missed=0 box=(296,163,370,451) tgt=(332,234) crosshair=(320,240) err=(+0.04,-0.03) rate=(+0.04,+0.02) pos pan=+0.34 tilt=-0.25
21:24:39 detect: 640x480 dets=1 tracks=1 [#19 c=(332,303) miss=0 age=113]
21:24:39 detect: 640x480 dets=1 tracks=1 [#19 c=(332,302) miss=0 age=114]
21:24:40 detect: 640x480 dets=1 tracks=1 [#19 c=(331,303) miss=0 age=115]
21:24:40 autoaim: id=19 missed=0 box=(293,159,370,447) tgt=(332,232) crosshair=(320,240) err=(+0.04,-0.03) rate=(+0.00,-0.02) pos pan=+0.34 tilt=-0.25
21:24:40 detect: 640x480 dets=1 tracks=1 [#19 c=(338,298) miss=0 age=116]
21:24:40 autoaim: id=19 missed=0 box=(296,154,380,443) tgt=(334,230) crosshair=(320,240) err=(+0.04,-0.04) rate=(+0.03,-0.05) pos pan=+0.34 tilt=-0.25
21:24:40 detect: 640x480 dets=1 tracks=1 [#19 c=(347,299) miss=0 age=117]
21:24:40 detect: 640x480 dets=1 tracks=1 [#19 c=(350,300) miss=0 age=118]
21:24:40 detect: 640x480 dets=1 tracks=1 [#19 c=(355,297) miss=0 age=119]
21:24:40 autoaim: id=19 missed=0 box=(309,147,401,447) tgt=(348,225) crosshair=(320,240) err=(+0.09,-0.06) rate=(+0.11,-0.06) pos pan=+0.27 tilt=-0.27
21:24:40 detect: 640x480 dets=1 tracks=1 [#19 c=(344,296) miss=0 age=120]
21:24:40 detect: 640x480 dets=1 tracks=1 [#19 c=(351,301) miss=0 age=121]
21:24:40 autoaim: id=19 missed=0 box=(310,147,393,455) tgt=(349,224) crosshair=(320,240) err=(+0.09,-0.07) rate=(+0.05,-0.04) pos pan=+0.23 tilt=-0.31
21:24:40 detect: 640x480 dets=1 tracks=1 [#19 c=(343,304) miss=0 age=122]
21:24:40 detect: 640x480 dets=1 tracks=1 [#19 c=(339,308) miss=0 age=123]
21:24:40 autoaim: id=19 missed=0 box=(299,156,379,460) tgt=(343,228) crosshair=(320,240) err=(+0.07,-0.05) rate=(-0.03,+0.04) pos pan=+0.20 tilt=-0.33
21:24:40 detect: 640x480 dets=1 tracks=1 [#19 c=(326,317) miss=0 age=124]
21:24:41 detect: 640x480 dets=1 tracks=1 [#19 c=(331,318) miss=0 age=125]
21:24:41 autoaim: id=19 missed=0 box=(288,159,374,477) tgt=(334,234) crosshair=(320,240) err=(+0.04,-0.02) rate=(-0.10,+0.10) pos pan=+0.20 tilt=-0.33
21:24:41 detect: 640x480 dets=1 tracks=1 [#19 c=(331,313) miss=0 age=126]
21:24:41 detect: 640x480 dets=1 tracks=1 [#19 c=(336,308) miss=0 age=127]
21:24:41 autoaim: id=19 missed=0 box=(293,147,380,469) tgt=(335,231) crosshair=(320,240) err=(+0.05,-0.04) rate=(-0.03,-0.01) pos pan=+0.20 tilt=-0.33
21:24:41 detect: 640x480 dets=1 tracks=1 [#19 c=(343,304) miss=0 age=128]
21:24:41 detect: 640x480 dets=1 tracks=1 [#19 c=(347,301) miss=0 age=129]
21:24:41 autoaim: id=19 missed=0 box=(302,133,392,470) tgt=(342,223) crosshair=(320,240) err=(+0.07,-0.07) rate=(+0.06,-0.11) pos pan=+0.17 tilt=-0.36
21:24:41 detect: 640x480 dets=1 tracks=1 [#19 c=(356,301) miss=0 age=130]
21:24:41 detect: 640x480 dets=1 tracks=1 [#19 c=(362,305) miss=0 age=131]
21:24:41 autoaim: id=19 missed=0 box=(308,136,416,474) tgt=(353,221) crosshair=(320,240) err=(+0.10,-0.08) rate=(+0.14,-0.07) pos pan=+0.12 tilt=-0.40
21:24:41 detect: 640x480 dets=1 tracks=1 [#19 c=(351,296) miss=0 age=132]
21:24:41 detect: 640x480 dets=1 tracks=1 [#19 c=(356,312) miss=0 age=133]
21:24:41 autoaim: id=19 missed=0 box=(306,148,406,476) tgt=(354,224) crosshair=(320,240) err=(+0.11,-0.07) rate=(+0.06,+0.03) pos pan=+0.07 tilt=-0.43
21:24:41 detect: 640x480 dets=1 tracks=1 [#19 c=(341,314) miss=0 age=134]
21:24:42 detect: 640x480 dets=1 tracks=1 [#19 c=(339,317) miss=0 age=135]
21:24:42 autoaim: id=19 missed=0 box=(286,159,392,476) tgt=(345,232) crosshair=(320,240) err=(+0.08,-0.03) rate=(-0.07,+0.12) pos pan=+0.04 tilt=-0.44
21:24:42 detect: 640x480 dets=1 tracks=1 [#19 c=(343,319) miss=0 age=136]
21:24:42 detect: 640x480 dets=1 tracks=1 [#19 c=(347,317) miss=0 age=137]
21:24:42 detect: 640x480 dets=1 tracks=1 [#19 c=(353,315) miss=0 age=138]
21:24:42 autoaim: id=19 missed=0 box=(302,155,404,476) tgt=(349,235) crosshair=(320,240) err=(+0.09,-0.02) rate=(+0.03,+0.05) pos pan=-0.00 tilt=-0.44
21:24:42 detect: 640x480 dets=1 tracks=1 [#19 c=(351,315) miss=0 age=139]
21:24:42 detect: 640x480 dets=1 tracks=1 [#19 c=(351,313) miss=0 age=140]
21:24:42 autoaim: id=19 missed=0 box=(296,150,407,477) tgt=(350,234) crosshair=(320,240) err=(+0.09,-0.03) rate=(+0.03,-0.01) pos pan=-0.04 tilt=-0.44
21:24:42 detect: 640x480 dets=1 tracks=1 [#19 c=(363,310) miss=0 age=141]
21:24:42 detect: 640x480 dets=1 tracks=1 [#19 c=(363,307) miss=0 age=142]
21:24:42 autoaim: id=19 missed=0 box=(308,139,419,475) tgt=(359,228) crosshair=(320,240) err=(+0.12,-0.05) rate=(+0.09,-0.09) pos pan=-0.10 tilt=-0.44
21:24:42 detect: 640x480 dets=1 tracks=1 [#19 c=(363,305) miss=0 age=143]
21:24:42 detect: 640x480 dets=1 tracks=1 [#19 c=(353,301) miss=0 age=144]
21:24:43 autoaim: id=19 missed=0 box=(303,134,404,469) tgt=(358,223) crosshair=(320,240) err=(+0.12,-0.07) rate=(+0.02,-0.10) pos pan=-0.16 tilt=-0.48
21:24:43 detect: 640x480 dets=1 tracks=1 [#19 c=(349,305) miss=0 age=145]
21:24:43 detect: 640x480 dets=1 tracks=1 [#19 c=(346,307) miss=0 age=146]
21:24:43 autoaim: id=19 missed=0 box=(295,139,397,476) tgt=(351,222) crosshair=(320,240) err=(+0.10,-0.07) rate=(-0.07,-0.04) pos pan=-0.19 tilt=-0.51
21:24:43 detect: 640x480 dets=1 tracks=1 [#19 c=(345,312) miss=0 age=147]
21:24:43 detect: 640x480 dets=1 tracks=1 [#19 c=(337,310) miss=0 age=148]
21:24:43 autoaim: id=19 missed=0 box=(282,156,393,465) tgt=(344,229) crosshair=(320,240) err=(+0.08,-0.05) rate=(-0.10,+0.07) pos pan=-0.21 tilt=-0.52
21:24:43 detect: 640x480 dets=1 tracks=1 [#19 c=(337,317) miss=0 age=149]
21:24:43 detect: 640x480 dets=1 tracks=1 [#19 c=(326,318) miss=0 age=150]
21:24:43 autoaim: id=19 missed=0 box=(275,166,377,470) tgt=(335,236) crosshair=(320,240) err=(+0.05,-0.01) rate=(-0.15,+0.14) pos pan=-0.23 tilt=-0.52
21:24:43 detect: 640x480 dets=1 tracks=1 [#19 c=(324,317) miss=0 age=151]
21:24:43 detect: 640x480 dets=1 tracks=1 [#19 c=(319,315) miss=0 age=152]
21:24:43 autoaim: id=19 missed=0 box=(268,166,371,465) tgt=(326,239) crosshair=(320,240) err=(+0.02,-0.00) rate=(-0.15,+0.08) pos pan=-0.23 tilt=-0.52
21:24:43 detect: 640x480 dets=1 tracks=1 [#19 c=(314,319) miss=0 age=153]
21:24:43 detect: 640x480 dets=1 tracks=1 [#19 c=(306,320) miss=0 age=154]
21:24:44 autoaim: id=19 missed=0 box=(256,173,356,468) tgt=(315,243) crosshair=(320,240) err=(-0.01,+0.01) rate=(-0.18,+0.10) pos pan=-0.23 tilt=-0.52
21:24:44 detect: 640x480 dets=1 tracks=1 [#19 c=(296,325) miss=0 age=155]
21:24:44 detect: 640x480 dets=1 tracks=1 [#19 c=(283,328) miss=0 age=156]
21:24:44 autoaim: id=19 missed=0 box=(232,180,334,477) tgt=(298,249) crosshair=(320,240) err=(-0.07,+0.04) rate=(-0.25,+0.12) pos pan=-0.20 tilt=-0.52
21:24:44 detect: 640x480 dets=1 tracks=1 [#19 c=(277,330) miss=0 age=157]
21:24:44 detect: 640x480 dets=1 tracks=1 [#19 c=(273,322) miss=0 age=158]
21:24:44 autoaim: id=19 missed=0 box=(221,187,325,457) tgt=(283,253) crosshair=(320,240) err=(-0.12,+0.06) rate=(-0.23,+0.09) pos pan=-0.13 tilt=-0.49
21:24:44 detect: 640x480 dets=1 tracks=1 [#19 c=(282,332) miss=0 age=159]
21:24:44 detect: 640x480 dets=1 tracks=1 [#19 c=(301,329) miss=0 age=160]
21:24:44 detect: 640x480 dets=1 tracks=1 [#19 c=(309,330) miss=0 age=161]
21:24:44 autoaim: id=19 missed=0 box=(274,185,345,475) tgt=(298,257) crosshair=(320,240) err=(-0.07,+0.07) rate=(+0.10,+0.04) pos pan=-0.08 tilt=-0.44
21:24:44 detect: 640x480 dets=1 tracks=1 [#19 c=(312,328) miss=0 age=162]
21:24:44 autoaim: id=19 missed=0 box=(272,181,352,476) tgt=(304,256) crosshair=(320,240) err=(-0.05,+0.07) rate=(+0.13,+0.01) pos pan=-0.07 tilt=-0.42
21:24:44 detect: 640x480 dets=1 tracks=1 [#19 c=(317,325) miss=0 age=163]
21:24:44 detect: 640x480 dets=1 tracks=1 [#19 c=(298,300) miss=0 age=164]
21:24:45 detect: 640x480 dets=1 tracks=1 [#19 c=(293,316) miss=0 age=165]
21:24:45 autoaim: id=19 missed=0 box=(233,157,353,476) tgt=(300,241) crosshair=(320,240) err=(-0.06,+0.01) rate=(-0.05,-0.17) pos pan=-0.06 tilt=-0.41
21:24:45 detect: 640x480 dets=1 tracks=1 [#19 c=(290,309) miss=0 age=166]
21:24:45 detect: 640x480 dets=2 tracks=2 [#19 c=(271,308) miss=0 age=167 #22 c=(285,378) miss=0 age=1]
21:24:45 autoaim: id=19 missed=0 box=(223,141,319,476) tgt=(286,231) crosshair=(320,240) err=(-0.11,-0.04) rate=(-0.17,-0.19) pos pan=-0.01 tilt=-0.41
21:24:45 detect: 640x480 dets=0 tracks=2 [#19 c=(271,308) miss=1 age=167 #22 c=(285,378) miss=1 age=1]
21:24:45 detect: 640x480 dets=1 tracks=2 [#19 c=(276,312) miss=0 age=168 #22 c=(285,378) miss=2 age=1]
21:24:45 autoaim: id=19 missed=0 box=(220,149,332,475) tgt=(282,231) crosshair=(320,240) err=(-0.12,-0.04) rate=(-0.13,-0.12) pos pan=+0.05 tilt=-0.41
21:24:45 detect: 640x480 dets=1 tracks=2 [#19 c=(273,319) miss=0 age=169 #22 c=(285,378) miss=3 age=1]
21:24:45 autoaim: id=19 missed=0 box=(218,163,329,475) tgt=(279,235) crosshair=(320,240) err=(-0.13,-0.02) rate=(-0.10,-0.04) pos pan=+0.12 tilt=-0.41
21:24:45 detect: 640x480 dets=1 tracks=2 [#19 c=(297,324) miss=0 age=170 #22 c=(285,378) miss=4 age=1]
21:24:45 detect: 640x480 dets=1 tracks=2 [#19 c=(300,323) miss=0 age=171 #22 c=(285,378) miss=5 age=1]
21:24:45 autoaim: id=19 missed=0 box=(237,171,364,475) tgt=(292,243) crosshair=(320,240) err=(-0.09,+0.01) rate=(+0.10,+0.09) pos pan=+0.15 tilt=-0.41
21:24:45 detect: 640x480 dets=1 tracks=2 [#19 c=(303,330) miss=0 age=172 #22 c=(285,378) miss=6 age=1]
21:24:46 autoaim: id=19 missed=0 box=(257,184,349,476) tgt=(296,249) crosshair=(320,240) err=(-0.07,+0.04) rate=(+0.12,+0.17) pos pan=+0.16 tilt=-0.41
21:24:46 detect: 640x480 dets=1 tracks=2 [#19 c=(310,334) miss=0 age=173 #22 c=(285,378) miss=7 age=1]
21:24:46 detect: 640x480 dets=1 tracks=2 [#19 c=(306,336) miss=0 age=174 #22 c=(285,378) miss=8 age=1]
21:24:46 autoaim: id=19 missed=0 box=(262,196,351,476) tgt=(304,259) crosshair=(320,240) err=(-0.05,+0.08) rate=(+0.09,+0.18) pos pan=+0.17 tilt=-0.35
21:24:46 detect: 640x480 dets=1 tracks=2 [#19 c=(297,332) miss=0 age=175 #22 c=(285,378) miss=9 age=1]
21:24:46 detect: 640x480 dets=1 tracks=2 [#19 c=(295,324) miss=0 age=176 #22 c=(285,378) miss=10 age=1]
21:24:46 detect: 640x480 dets=1 tracks=2 [#19 c=(292,317) miss=0 age=177 #22 c=(285,378) miss=11 age=1]
21:24:46 autoaim: id=19 missed=0 box=(244,158,340,476) tgt=(296,248) crosshair=(320,240) err=(-0.07,+0.04) rate=(-0.05,-0.15) pos pan=+0.21 tilt=-0.31
21:24:46 detect: 640x480 dets=1 tracks=2 [#19 c=(288,313) miss=0 age=178 #22 c=(285,378) miss=12 age=1]
21:24:46 autoaim: id=19 missed=0 box=(250,164,327,462) tgt=(293,244) crosshair=(320,240) err=(-0.08,+0.02) rate=(-0.05,-0.12) pos pan=+0.25 tilt=-0.31
21:24:46 detect: 640x480 dets=1 tracks=2 [#19 c=(288,309) miss=0 age=179 #22 c=(285,378) miss=13 age=1]
21:24:46 autoaim: id=19 missed=0 box=(248,151,328,467) tgt=(291,239) crosshair=(320,240) err=(-0.09,-0.01) rate=(-0.05,-0.15) pos pan=+0.28 tilt=-0.31
21:24:46 detect: 640x480 dets=1 tracks=2 [#19 c=(283,319) miss=0 age=180 #22 c=(285,378) miss=14 age=1]
21:24:47 detect: 640x480 dets=1 tracks=2 [#19 c=(302,326) miss=0 age=181 #22 c=(285,378) miss=15 age=1]
21:24:47 detect: 640x480 dets=1 tracks=1 [#19 c=(316,326) miss=0 age=182]
21:24:47 autoaim: id=19 missed=0 box=(273,181,360,472) tgt=(303,249) crosshair=(320,240) err=(-0.05,+0.04) rate=(+0.13,+0.08) pos pan=+0.32 tilt=-0.31
21:24:47 detect: 640x480 dets=1 tracks=1 [#19 c=(325,324) miss=0 age=183]
21:24:47 detect: 640x480 dets=1 tracks=1 [#19 c=(329,327) miss=0 age=184]
21:24:47 autoaim: id=19 missed=0 box=(286,184,373,471) tgt=(319,252) crosshair=(320,240) err=(-0.00,+0.05) rate=(+0.23,+0.09) pos pan=+0.32 tilt=-0.30
21:24:47 detect: 640x480 dets=1 tracks=1 [#19 c=(324,325) miss=0 age=185]
21:24:47 autoaim: id=19 missed=0 box=(287,184,362,466) tgt=(321,253) crosshair=(320,240) err=(+0.00,+0.05) rate=(+0.15,+0.06) pos pan=+0.32 tilt=-0.27
21:24:47 detect: 640x480 dets=1 tracks=1 [#19 c=(327,323) miss=0 age=186]
21:24:47 detect: 640x480 dets=1 tracks=1 [#19 c=(328,320) miss=0 age=187]
21:24:47 autoaim: id=19 missed=0 box=(291,180,365,460) tgt=(325,252) crosshair=(320,240) err=(+0.02,+0.05) rate=(+0.10,-0.01) pos pan=+0.32 tilt=-0.25
21:24:47 detect: 640x480 dets=1 tracks=1 [#19 c=(330,313) miss=0 age=188]
21:24:47 detect: 640x480 dets=1 tracks=1 [#19 c=(330,306) miss=0 age=189]
21:24:48 autoaim: id=19 missed=0 box=(295,164,366,449) tgt=(329,243) crosshair=(320,240) err=(+0.03,+0.01) rate=(+0.07,-0.14) pos pan=+0.32 tilt=-0.25
21:24:48 detect: 640x480 dets=1 tracks=1 [#19 c=(332,308) miss=0 age=190]
21:24:48 detect: 640x480 dets=1 tracks=1 [#19 c=(330,306) miss=0 age=191]
21:24:48 autoaim: id=19 missed=0 box=(295,163,366,449) tgt=(330,238) crosshair=(320,240) err=(+0.03,-0.01) rate=(+0.04,-0.11) pos pan=+0.32 tilt=-0.25
21:24:48 detect: 640x480 dets=1 tracks=1 [#19 c=(329,306) miss=0 age=192]
21:24:48 detect: 640x480 dets=1 tracks=1 [#19 c=(326,308) miss=0 age=193]
21:24:48 autoaim: id=19 missed=0 box=(292,164,361,453) tgt=(329,237) crosshair=(320,240) err=(+0.03,-0.01) rate=(-0.01,-0.05) pos pan=+0.32 tilt=-0.25
21:24:48 detect: 640x480 dets=1 tracks=1 [#19 c=(325,310) miss=0 age=194]
21:24:48 detect: 640x480 dets=1 tracks=1 [#19 c=(325,309) miss=0 age=195]
21:24:48 detect: 640x480 dets=1 tracks=1 [#19 c=(327,308) miss=0 age=196]
21:24:48 autoaim: id=19 missed=0 box=(289,166,365,451) tgt=(327,237) crosshair=(320,240) err=(+0.02,-0.01) rate=(-0.01,-0.01) pos pan=+0.32 tilt=-0.25
21:24:48 autoaim: id=19 missed=0 box=(289,166,365,451) tgt=(327,237) crosshair=(320,240) err=(+0.02,-0.01) rate=(-0.01,-0.01) pos pan=+0.32 tilt=-0.25
21:24:48 detect: 640x480 dets=1 tracks=1 [#19 c=(333,308) miss=0 age=197]
21:24:48 detect: 640x480 dets=1 tracks=1 [#19 c=(333,305) miss=0 age=198]
21:24:49 autoaim: id=19 missed=0 box=(295,164,372,447) tgt=(331,236) crosshair=(320,240) err=(+0.03,-0.02) rate=(+0.03,-0.02) pos pan=+0.32 tilt=-0.25
21:24:49 detect: 640x480 dets=1 tracks=1 [#19 c=(335,306) miss=0 age=199]
21:24:49 detect: 640x480 dets=1 tracks=1 [#19 c=(338,304) miss=0 age=200]
21:24:49 autoaim: id=19 missed=0 box=(300,158,377,450) tgt=(335,234) crosshair=(320,240) err=(+0.05,-0.03) rate=(+0.05,-0.05) pos pan=+0.32 tilt=-0.25
21:24:49 detect: 640x480 dets=1 tracks=1 [#19 c=(342,303) miss=0 age=201]
21:24:49 detect: 640x480 dets=1 tracks=1 [#19 c=(346,303) miss=0 age=202]
21:24:49 autoaim: id=19 missed=0 box=(310,157,383,450) tgt=(341,231) crosshair=(320,240) err=(+0.07,-0.04) rate=(+0.09,-0.05) pos pan=+0.29 tilt=-0.25
21:24:49 detect: 640x480 dets=1 tracks=1 [#19 c=(346,301) miss=0 age=203]
21:24:49 detect: 640x480 dets=1 tracks=1 [#19 c=(342,300) miss=0 age=204]
21:24:49 autoaim: id=19 missed=0 box=(303,149,381,451) tgt=(343,227) crosshair=(320,240) err=(+0.07,-0.05) rate=(+0.04,-0.05) pos pan=+0.24 tilt=-0.27
21:24:49 detect: 640x480 dets=1 tracks=1 [#19 c=(339,300) miss=0 age=205]
21:24:49 detect: 640x480 dets=1 tracks=1 [#19 c=(315,299) miss=0 age=206]
21:24:49 autoaim: id=19 missed=0 box=(279,146,352,452) tgt=(331,225) crosshair=(320,240) err=(+0.03,-0.06) rate=(-0.13,-0.06) pos pan=+0.22 tilt=-0.30
21:24:49 detect: 640x480 dets=1 tracks=1 [#19 c=(308,302) miss=0 age=207]
21:24:50 detect: 640x480 dets=1 tracks=1 [#19 c=(301,300) miss=0 age=208]
21:24:50 autoaim: id=19 missed=0 box=(263,146,339,455) tgt=(314,224) crosshair=(320,240) err=(-0.02,-0.06) rate=(-0.23,-0.03) pos pan=+0.22 tilt=-0.32
21:24:50 detect: 640x480 dets=1 tracks=1 [#19 c=(294,309) miss=0 age=209]
21:24:50 detect: 640x480 dets=1 tracks=1 [#19 c=(295,313) miss=0 age=210]
21:24:50 autoaim: id=19 missed=0 box=(258,158,332,469) tgt=(302,231) crosshair=(320,240) err=(-0.06,-0.04) rate=(-0.20,+0.07) pos pan=+0.25 tilt=-0.33
21:24:50 detect: 640x480 dets=1 tracks=1 [#19 c=(295,317) miss=0 age=211]
21:24:50 autoaim: id=19 missed=0 box=(256,160,335,475) tgt=(299,234) crosshair=(320,240) err=(-0.07,-0.03) rate=(-0.13,+0.07) pos pan=+0.29 tilt=-0.33
21:24:50 detect: 640x480 dets=1 tracks=1 [#19 c=(301,317) miss=0 age=212]
21:24:50 detect: 640x480 dets=1 tracks=1 [#19 c=(308,311) miss=0 age=213]
21:24:50 autoaim: id=19 missed=0 box=(267,155,349,467) tgt=(303,234) crosshair=(320,240) err=(-0.05,-0.02) rate=(-0.00,+0.02) pos pan=+0.31 tilt=-0.33
21:24:50 detect: 640x480 dets=1 tracks=1 [#19 c=(330,314) miss=0 age=214]
21:24:50 detect: 640x480 dets=1 tracks=1 [#19 c=(346,314) miss=0 age=215]
21:24:50 autoaim: id=19 missed=0 box=(304,152,388,476) tgt=(327,234) crosshair=(320,240) err=(+0.02,-0.02) rate=(+0.26,+0.00) pos pan=+0.31 tilt=-0.33
21:24:50 detect: 640x480 dets=1 tracks=1 [#19 c=(348,310) miss=0 age=216]
21:24:51 detect: 640x480 dets=1 tracks=1 [#19 c=(353,311) miss=0 age=217]
21:24:51 detect: 640x480 dets=1 tracks=1 [#19 c=(354,306) miss=0 age=218]
21:24:51 autoaim: id=19 missed=0 box=(313,147,396,466) tgt=(347,230) crosshair=(320,240) err=(+0.09,-0.04) rate=(+0.22,-0.06) pos pan=+0.27 tilt=-0.33
21:24:51 detect: 640x480 dets=1 tracks=1 [#19 c=(355,307) miss=0 age=219]
21:24:51 detect: 640x480 dets=1 tracks=1 [#19 c=(354,304) miss=0 age=220]
21:24:51 autoaim: id=19 missed=0 box=(311,139,397,470) tgt=(352,225) crosshair=(320,240) err=(+0.10,-0.06) rate=(+0.12,-0.08) pos pan=+0.21 tilt=-0.37
21:24:51 detect: 640x480 dets=1 tracks=1 [#19 c=(331,307) miss=0 age=221]
21:24:51 detect: 640x480 dets=1 tracks=1 [#19 c=(318,268) miss=0 age=222]
21:24:51 autoaim: id=19 missed=0 box=(276,146,360,391) tgt=(333,218) crosshair=(320,240) err=(+0.04,-0.09) rate=(-0.16,-0.17) pos pan=+0.19 tilt=-0.40
21:24:51 detect: 640x480 dets=1 tracks=1 [#19 c=(302,277) miss=0 age=223]
21:24:51 detect: 640x480 dets=1 tracks=1 [#19 c=(296,280) miss=0 age=224]
21:24:51 autoaim: id=19 missed=0 box=(254,156,339,405) tgt=(311,217) crosshair=(320,240) err=(-0.03,-0.09) rate=(-0.28,-0.07) pos pan=+0.19 tilt=-0.45
21:24:51 detect: 640x480 dets=1 tracks=1 [#19 c=(295,300) miss=0 age=225]
21:24:52 autoaim: id=19 missed=0 box=(253,177,338,423) tgt=(305,226) crosshair=(320,240) err=(-0.05,-0.06) rate=(-0.26,+0.13) pos pan=+0.19 tilt=-0.46
21:24:52 detect: 640x480 dets=1 tracks=1 [#19 c=(295,318) miss=0 age=226]
21:24:52 detect: 640x480 dets=1 tracks=1 [#19 c=(296,318) miss=0 age=227]
21:24:52 autoaim: id=19 missed=0 box=(254,196,338,440) tgt=(299,246) crosshair=(320,240) err=(-0.07,+0.02) rate=(-0.13,+0.22) pos pan=+0.26 tilt=-0.46
21:24:52 detect: 640x480 dets=1 tracks=1 [#19 c=(295,323) miss=0 age=228]
21:24:52 detect: 640x480 dets=1 tracks=1 [#19 c=(316,321) miss=0 age=229]
21:24:52 autoaim: id=19 missed=0 box=(274,199,358,443) tgt=(305,255) crosshair=(320,240) err=(-0.05,+0.06) rate=(+0.05,+0.20) pos pan=+0.28 tilt=-0.41
21:24:52 detect: 640x480 dets=1 tracks=1 [#19 c=(331,321) miss=0 age=230]
21:24:52 detect: 640x480 dets=1 tracks=1 [#19 c=(338,326) miss=0 age=231]
21:24:52 detect: 640x480 dets=1 tracks=1 [#19 c=(338,301) miss=0 age=232]
21:24:52 autoaim: id=19 missed=0 box=(296,179,380,424) tgt=(330,251) crosshair=(320,240) err=(+0.03,+0.05) rate=(+0.20,-0.05) pos pan=+0.28 tilt=-0.37
21:24:52 detect: 640x480 dets=1 tracks=1 [#19 c=(337,292) miss=0 age=233]
21:24:52 detect: 640x480 dets=1 tracks=1 [#19 c=(337,289) miss=0 age=234]
21:24:52 autoaim: id=19 missed=0 box=(295,166,380,413) tgt=(335,237) crosshair=(320,240) err=(+0.05,-0.01) rate=(+0.12,-0.20) pos pan=+0.28 tilt=-0.37
21:24:52 detect: 640x480 dets=1 tracks=1 [#19 c=(337,288) miss=0 age=235]
21:24:53 detect: 640x480 dets=1 tracks=1 [#19 c=(336,292) miss=0 age=236]
21:24:53 autoaim: id=19 missed=0 box=(294,166,379,418) tgt=(336,231) crosshair=(320,240) err=(+0.05,-0.04) rate=(+0.05,-0.14) pos pan=+0.27 tilt=-0.37
21:24:53 detect: 640x480 dets=1 tracks=1 [#19 c=(336,289) miss=0 age=237]
21:24:53 detect: 640x480 dets=1 tracks=1 [#19 c=(336,287) miss=0 age=238]
21:24:53 autoaim: id=19 missed=0 box=(294,163,379,412) tgt=(336,228) crosshair=(320,240) err=(+0.05,-0.05) rate=(+0.02,-0.10) pos pan=+0.25 tilt=-0.37
21:24:53 detect: 640x480 dets=1 tracks=1 [#19 c=(336,289) miss=0 age=239]
21:24:53 detect: 640x480 dets=1 tracks=1 [#19 c=(324,319) miss=0 age=240]
21:24:53 autoaim: id=19 missed=0 box=(282,164,366,475) tgt=(331,233) crosshair=(320,240) err=(+0.04,-0.03) rate=(-0.05,+0.05) pos pan=+0.24 tilt=-0.39
21:24:53 detect: 640x480 dets=1 tracks=1 [#19 c=(323,319) miss=0 age=241]
21:24:53 detect: 640x480 dets=1 tracks=1 [#19 c=(313,317) miss=0 age=242]
21:24:53 Hold LB+RB to KILL… 483 ms
21:24:53 autoaim: id=19 missed=0 box=(271,161,356,474) tgt=(322,237) crosshair=(320,240) err=(+0.01,-0.01) rate=(-0.12,+0.07) pos pan=+0.24 tilt=-0.39
21:24:53 Hold LB+RB to KILL… 463 ms
21:24:53 Hold LB+RB to KILL… 448 ms
21:24:53 detect: 640x480 dets=1 tracks=1 [#19 c=(312,287) miss=0 age=243]
21:24:53 Hold LB+RB to KILL… 432 ms
21:24:53 Hold LB+RB to KILL… 416 ms
21:24:53 Hold LB+RB to KILL… 399 ms
21:24:53 Hold LB+RB to KILL… 383 ms
21:24:53 Hold LB+RB to KILL… 365 ms
21:24:53 detect: 640x480 dets=1 tracks=1 [#19 c=(313,318) miss=0 age=244]
21:24:53 Hold LB+RB to KILL… 348 ms
21:24:53 Hold LB+RB to KILL… 326 ms
21:24:53 Hold LB+RB to KILL… 316 ms
21:24:53 Hold LB+RB to KILL… 299 ms
21:24:53 Hold LB+RB to KILL… 283 ms
21:24:53 autoaim: id=19 missed=0 box=(271,165,356,472) tgt=(316,236) crosshair=(320,240) err=(-0.01,-0.02) rate=(-0.10,+0.06) pos pan=+0.24 tilt=-0.39
21:24:53 detect: 640x480 dets=1 tracks=1 [#19 c=(313,318) miss=0 age=245]
21:24:53 Hold LB+RB to KILL… 262 ms
21:24:53 Hold LB+RB to KILL… 250 ms
21:24:53 Hold LB+RB to KILL… 233 ms
21:24:53 Hold LB+RB to KILL… 216 ms
21:24:54 Hold LB+RB to KILL… 198 ms
21:24:54 Hold LB+RB to KILL… 183 ms
21:24:54 Hold LB+RB to KILL… 166 ms
21:24:54 detect: 640x480 dets=1 tracks=1 [#19 c=(314,319) miss=0 age=246]
21:24:54 Hold LB+RB to KILL… 150 ms
21:24:54 Hold LB+RB to KILL… 130 ms
21:24:54 Hold LB+RB to KILL… 116 ms
21:24:54 Hold LB+RB to KILL… 96 ms
21:24:54 Hold LB+RB to KILL… 82 ms
21:24:54 autoaim: id=19 missed=0 box=(271,167,357,472) tgt=(315,240) crosshair=(320,240) err=(-0.02,+0.00) rate=(-0.05,+0.07) pos pan=+0.24 tilt=-0.39
21:24:54 Hold LB+RB to KILL… 66 ms
21:24:54 detect: 640x480 dets=1 tracks=1 [#19 c=(314,292) miss=0 age=247]
21:24:54 Hold LB+RB to KILL… 49 ms
21:24:54 Hold LB+RB to KILL… 33 ms
21:24:54 Hold LB+RB to KILL… 13 ms
21:24:54 PANIC KILL — disarmed (LB+RB)
21:24:54 autoaim: lock cleared (disarmed) id=19
21:24:54 detect: 640x480 dets=1 tracks=1 [#19 c=(314,321) miss=0 age=248]
21:24:54 detect: 640x480 dets=1 tracks=1 [#19 c=(314,318) miss=0 age=249]
21:24:54 detect: 640x480 dets=1 tracks=1 [#19 c=(243,216) miss=0 age=250]
21:24:54 detect: 640x480 dets=1 tracks=1 [#19 c=(200,171) miss=0 age=251]
21:24:54 detect: 640x480 dets=1 tracks=1 [#19 c=(175,179) miss=0 age=252]
21:24:54 detect: 640x480 dets=0 tracks=1 [#19 c=(175,179) miss=1 age=252]
21:24:54 detect: 640x480 dets=1 tracks=1 [#19 c=(177,169) miss=0 age=253]
21:24:54 detect: 640x480 dets=0 tracks=1 [#19 c=(177,169) miss=1 age=253]
21:24:55 detect: 640x480 dets=1 tracks=1 [#19 c=(178,174) miss=0 age=254]
21:24:55 detect: 640x480 dets=0 tracks=1 [#19 c=(178,174) miss=1 age=254]
21:24:55 detect: 640x480 dets=1 tracks=1 [#19 c=(175,175) miss=0 age=255]
21:24:55 detect: 640x480 dets=1 tracks=1 [#19 c=(176,174) miss=0 age=256]
21:24:55 detect: 640x480 dets=1 tracks=1 [#19 c=(174,173) miss=0 age=257]
21:24:55 detect: 640x480 dets=0 tracks=1 [#19 c=(174,173) miss=1 age=257]
21:24:55 detect: 640x480 dets=1 tracks=1 [#19 c=(176,172) miss=0 age=258]
21:24:55 detect: 640x480 dets=1 tracks=1 [#19 c=(175,172) miss=0 age=259]
21:24:55 detect: 640x480 dets=1 tracks=1 [#19 c=(175,170) miss=0 age=260]
21:24:55 detect: 640x480 dets=0 tracks=1 [#19 c=(175,170) miss=1 age=260]
21:24:56 detect: 640x480 dets=1 tracks=1 [#19 c=(174,114) miss=0 age=261]
21:24:56 detect: 640x480 dets=0 tracks=1 [#19 c=(174,114) miss=1 age=261]
21:24:56 detect: 640x480 dets=0 tracks=1 [#19 c=(174,114) miss=2 age=261]
21:24:56 detect: 640x480 dets=1 tracks=1 [#19 c=(174,114) miss=0 age=262]
21:24:56 detect: 640x480 dets=1 tracks=1 [#19 c=(175,113) miss=0 age=263]
21:24:56 detect: 640x480 dets=1 tracks=1 [#19 c=(175,171) miss=0 age=264]
21:24:56 detect: 640x480 dets=1 tracks=1 [#19 c=(174,113) miss=0 age=265]
21:24:56 detect: 640x480 dets=1 tracks=1 [#19 c=(174,172) miss=0 age=266]
21:24:57 detect: 640x480 dets=0 tracks=1 [#19 c=(174,172) miss=1 age=266]
21:24:57 detect: 640x480 dets=0 tracks=1 [#19 c=(174,172) miss=2 age=266]
21:24:57 detect: 640x480 dets=0 tracks=1 [#19 c=(174,172) miss=3 age=266]
21:24:57 detect: 640x480 dets=1 tracks=1 [#19 c=(171,176) miss=0 age=267]
21:24:57 detect: 640x480 dets=0 tracks=1 [#19 c=(171,176) miss=1 age=267]
21:24:57 detect: 640x480 dets=0 tracks=1 [#19 c=(171,176) miss=2 age=267]
21:24:57 detect: 640x480 dets=1 tracks=1 [#19 c=(171,173) miss=0 age=268]
21:24:57 detect: 640x480 dets=1 tracks=1 [#19 c=(173,173) miss=0 age=269]
21:24:58 detect: 640x480 dets=1 tracks=1 [#19 c=(173,176) miss=0 age=270]
21:24:58 detect: 640x480 dets=0 tracks=1 [#19 c=(173,176) miss=1 age=270]
21:24:58 detect: 640x480 dets=1 tracks=1 [#19 c=(172,173) miss=0 age=271]
21:24:58 detect: 640x480 dets=0 tracks=1 [#19 c=(172,173) miss=1 age=271]
21:24:58 detect: 640x480 dets=1 tracks=1 [#19 c=(174,170) miss=0 age=272]
21:24:58 detect: 640x480 dets=0 tracks=1 [#19 c=(174,170) miss=1 age=272]
21:24:58 detect: 640x480 dets=0 tracks=1 [#19 c=(174,170) miss=2 age=272]
21:24:58 detect: 640x480 dets=1 tracks=1 [#19 c=(174,171) miss=0 age=273]
21:24:58 detect: 640x480 dets=0 tracks=1 [#19 c=(174,171) miss=1 age=273]
21:24:59 detect: 640x480 dets=1 tracks=1 [#19 c=(174,171) miss=0 age=274]
21:24:59 detect: 640x480 dets=1 tracks=1 [#19 c=(175,172) miss=0 age=275]
21:24:59 detect: 640x480 dets=0 tracks=1 [#19 c=(175,172) miss=1 age=275]
21:24:59 detect: 640x480 dets=1 tracks=1 [#19 c=(174,169) miss=0 age=276]
21:24:59 detect: 640x480 dets=1 tracks=1 [#19 c=(176,174) miss=0 age=277]
21:24:59 detect: 640x480 dets=0 tracks=1 [#19 c=(176,174) miss=1 age=277]
21:24:59 detect: 640x480 dets=1 tracks=1 [#19 c=(175,171) miss=0 age=278]
21:24:59 detect: 640x480 dets=1 tracks=1 [#19 c=(175,170) miss=0 age=279]
21:24:59 detect: 640x480 dets=1 tracks=1 [#19 c=(175,170) miss=0 age=280]
21:24:59 detect: 640x480 dets=1 tracks=1 [#19 c=(176,171) miss=0 age=281]
21:24:59 detect: 640x480 dets=1 tracks=1 [#19 c=(176,172) miss=0 age=282]
21:25:00 detect: 640x480 dets=1 tracks=1 [#19 c=(175,173) miss=0 age=283]
21:25:00 detect: 640x480 dets=1 tracks=1 [#19 c=(177,171) miss=0 age=284]
21:25:00 detect: 640x480 dets=1 tracks=1 [#19 c=(175,170) miss=0 age=285]
21:25:00 detect: 640x480 dets=1 tracks=1 [#19 c=(176,170) miss=0 age=286]
21:25:00 detect: 640x480 dets=1 tracks=1 [#19 c=(176,171) miss=0 age=287]
21:25:00 detect: 640x480 dets=1 tracks=1 [#19 c=(174,175) miss=0 age=288]
21:25:00 detect: 640x480 dets=1 tracks=1 [#19 c=(177,174) miss=0 age=289]
21:25:00 detect: 640x480 dets=1 tracks=1 [#19 c=(176,175) miss=0 age=290]
21:25:01 detect: 640x480 dets=1 tracks=1 [#19 c=(177,172) miss=0 age=291]
21:25:01 detect: 640x480 dets=1 tracks=1 [#19 c=(177,175) miss=0 age=292]
21:25:01 detect: 640x480 dets=1 tracks=1 [#19 c=(178,172) miss=0 age=293]
21:25:01 detect: 640x480 dets=1 tracks=1 [#19 c=(177,172) miss=0 age=294]
21:25:01 detect: 640x480 dets=1 tracks=1 [#19 c=(177,172) miss=0 age=295]
21:25:01 detect: 640x480 dets=1 tracks=1 [#19 c=(178,171) miss=0 age=296]
21:25:01 detect: 640x480 dets=1 tracks=1 [#19 c=(178,173) miss=0 age=297]
21:25:01 detect: 640x480 dets=1 tracks=1 [#19 c=(179,171) miss=0 age=298]
21:25:01 detect: 640x480 dets=1 tracks=1 [#19 c=(178,174) miss=0 age=299]
21:25:01 detect: 640x480 dets=1 tracks=1 [#19 c=(179,177) miss=0 age=300]
21:25:02 detect: 640x480 dets=1 tracks=1 [#19 c=(178,174) miss=0 age=301]
21:25:02 detect: 640x480 dets=1 tracks=1 [#19 c=(176,172) miss=0 age=302]
21:25:02 detect: 640x480 dets=1 tracks=1 [#19 c=(176,174) miss=0 age=303]
21:25:02 detect: 640x480 dets=0 tracks=1 [#19 c=(176,174) miss=1 age=303]
21:25:02 detect: 640x480 dets=1 tracks=1 [#19 c=(178,172) miss=0 age=304]
21:25:02 detect: 640x480 dets=0 tracks=1 [#19 c=(178,172) miss=1 age=304]
21:25:02 detect: 640x480 dets=1 tracks=1 [#19 c=(177,114) miss=0 age=305]
21:25:02 detect: 640x480 dets=1 tracks=1 [#19 c=(177,171) miss=0 age=306]
